Timestamp,Emotion1,Confidence1,Emotion2,Confidence2,Emotion3,Confidence3
2025-02-14 11:15:08.408,Angry, 76.4%,Sad, 12.3%,Surprise, 4.8%
2025-02-14 11:15:08.492,Angry, 73.9%,Sad, 13.0%,Fear, 5.2%
2025-02-14 11:15:08.591,Angry, 90.8%,Surprise, 4.7%,Sad, 3.0%
2025-02-14 11:15:08.658,Angry, 95.4%,Surprise, 3.6%,Sad, 0.5%
2025-02-14 11:15:08.725,Angry, 91.3%,Sad, 4.4%,Surprise, 2.9%
2025-02-14 11:15:08.827,Angry, 92.6%,Sad, 3.7%,Surprise, 1.5%
2025-02-14 11:15:08.928,Angry, 93.8%,Sad, 3.1%,Surprise, 2.2%
2025-02-14 11:15:09.029,Angry, 89.8%,Sad, 7.2%,Surprise, 1.5%
2025-02-14 11:15:09.131,Angry, 98.8%,Surprise, 0.9%,Sad, 0.2%
2025-02-14 11:15:09.229,Angry, 99.0%,Surprise, 0.5%,Sad, 0.2%
2025-02-14 11:15:09.295,Angry, 97.8%,Sad, 0.6%,Surprise, 0.6%
2025-02-14 11:15:09.394,Angry, 99.2%,Surprise, 0.5%,Sad, 0.1%
2025-02-14 11:15:09.462,Angry, 98.9%,Surprise, 0.4%,Neutral, 0.3%
2025-02-14 11:15:09.562,Angry, 97.8%,Sad, 1.2%,Surprise, 0.3%
2025-02-14 11:15:09.629,Angry, 60.6%,Sad, 30.6%,Happy, 4.1%
2025-02-14 11:15:09.730,Angry, 88.7%,Sad, 6.8%,Surprise, 3.0%
2025-02-14 11:15:09.795,Angry, 91.8%,Happy, 5.2%,Sad, 1.4%
2025-02-14 11:15:09.896,Happy, 65.3%,Sad, 18.9%,Angry, 13.5%
2025-02-14 11:15:09.963,Happy, 76.0%,Sad, 18.6%,Angry, 2.8%
2025-02-14 11:15:10.063,Happy, 85.1%,Sad, 12.9%,Angry, 1.6%
2025-02-14 11:15:10.130,Happy, 63.2%,Sad, 36.4%,Angry, 0.2%
2025-02-14 11:15:10.229,Happy, 69.1%,Sad, 30.7%,Surprise, 0.1%
2025-02-14 11:15:10.296,Sad, 52.8%,Happy, 45.5%,Angry, 1.0%
2025-02-14 11:15:10.362,Happy, 69.7%,Sad, 29.0%,Surprise, 0.8%
2025-02-14 11:15:10.461,Happy, 59.0%,Sad, 40.0%,Surprise, 0.5%
2025-02-14 11:15:10.530,Happy, 66.2%,Sad, 30.0%,Angry, 3.2%
2025-02-14 11:15:11.160,Surprise, 63.4%,Angry, 17.6%,Fear, 9.4%
2025-02-14 11:15:11.259,Angry, 76.7%,Happy, 11.1%,Surprise, 9.9%
2025-02-14 11:15:11.362,Angry, 66.0%,Surprise, 16.6%,Happy, 10.1%
2025-02-14 11:15:11.530,Happy, 95.7%,Neutral, 1.5%,Angry, 1.4%
2025-02-14 11:15:11.762,Angry, 98.6%,Surprise, 0.8%,Fear, 0.5%
2025-02-14 11:15:12.093,Angry, 98.4%,Fear, 1.2%,Surprise, 0.3%
2025-02-14 11:15:12.361,Angry, 66.8%,Neutral, 15.8%,Happy, 7.3%
2025-02-14 11:15:12.496,Sad, 27.7%,Angry, 23.9%,Surprise, 19.1%
2025-02-14 11:15:13.062,Angry, 61.4%,Surprise, 28.3%,Happy, 4.7%
2025-02-14 11:15:13.393,Angry, 89.9%,Surprise, 9.1%,Fear, 0.8%
2025-02-14 11:15:13.461,Surprise, 72.0%,Angry, 23.8%,Fear, 2.4%
2025-02-14 11:15:13.530,Angry, 48.9%,Surprise, 48.6%,Fear, 1.6%
2025-02-14 11:15:13.630,Surprise, 69.5%,Angry, 28.2%,Fear, 1.4%
2025-02-14 11:15:13.696,Surprise, 94.7%,Angry, 3.3%,Fear, 1.7%
2025-02-14 11:15:13.799,Surprise, 46.9%,Angry, 43.3%,Fear, 7.8%
2025-02-14 11:15:13.865,Angry, 71.7%,Surprise, 26.5%,Fear, 1.3%
2025-02-14 11:15:13.998,Angry, 59.6%,Surprise, 38.7%,Fear, 1.2%
2025-02-14 11:15:14.064,Surprise, 59.4%,Angry, 32.9%,Fear, 6.3%
2025-02-14 11:15:14.195,Neutral, 39.0%,Surprise, 25.9%,Fear, 17.1%
2025-02-14 11:15:14.266,Neutral, 87.0%,Angry, 9.5%,Fear, 2.4%
2025-02-14 11:15:14.397,Angry, 99.3%,Fear, 0.2%,Surprise, 0.2%
2025-02-14 11:15:14.463,Angry, 99.9%,Surprise, 0.0%,Fear, 0.0%
2025-02-14 11:15:14.595,Angry, 99.9%,Surprise, 0.1%,Sad, 0.0%
2025-02-14 11:15:14.697,Angry, 99.4%,Surprise, 0.3%,Sad, 0.1%
2025-02-14 11:15:14.763,Angry, 99.3%,Sad, 0.5%,Surprise, 0.1%
2025-02-14 11:15:14.864,Angry, 61.3%,Surprise, 13.4%,Sad, 11.7%
2025-02-14 11:15:14.946,Angry, 90.9%,Fear, 3.8%,Surprise, 2.6%
2025-02-14 11:15:15.064,Angry, 64.3%,Sad, 13.6%,Surprise, 12.9%
2025-02-14 11:15:15.129,Angry, 96.8%,Surprise, 1.7%,Fear, 0.7%
2025-02-14 11:15:15.263,Angry, 96.9%,Surprise, 1.8%,Sad, 0.7%
2025-02-14 11:15:15.330,Angry, 99.1%,Surprise, 0.4%,Sad, 0.3%
2025-02-14 11:15:15.463,Angry, 58.0%,Surprise, 27.4%,Sad, 10.8%
2025-02-14 11:15:15.529,Angry, 62.2%,Surprise, 32.6%,Fear, 2.4%
2025-02-14 11:15:15.664,Surprise, 74.7%,Angry, 10.6%,Happy, 9.6%
2025-02-14 11:15:16.359,Happy, 99.9%,Angry, 0.0%,Sad, 0.0%
2025-02-14 11:15:16.525,Happy, 83.2%,Angry, 11.9%,Fear, 2.4%
2025-02-14 11:15:17.190,Happy, 67.4%,Neutral, 23.6%,Sad, 5.9%
2025-02-14 11:15:17.360,Angry, 61.8%,Happy, 29.2%,Sad, 6.9%
2025-02-14 11:15:17.626,Happy, 99.7%,Sad, 0.3%,Neutral, 0.0%
2025-02-14 11:15:17.694,Happy, 99.9%,Sad, 0.1%,Neutral, 0.0%
2025-02-14 11:15:18.424,Happy, 90.7%,Sad, 9.2%,Neutral, 0.1%
2025-02-14 11:15:18.524,Happy, 94.5%,Neutral, 5.2%,Fear, 0.2%
2025-02-14 11:15:18.695,Happy, 96.6%,Neutral, 3.3%,Surprise, 0.0%
2025-02-14 11:15:18.762,Happy, 99.9%,Surprise, 0.1%,Neutral, 0.0%
2025-02-14 11:15:18.828,Happy, 99.9%,Neutral, 0.1%,Surprise, 0.0%
2025-02-14 11:15:18.962,Happy, 99.9%,Neutral, 0.1%,Surprise, 0.0%
2025-02-14 11:15:19.028,Happy, 99.8%,Neutral, 0.1%,Surprise, 0.1%
2025-02-14 11:15:19.162,Happy, 56.9%,Fear, 35.5%,Surprise, 4.8%
2025-02-14 11:15:19.229,Happy, 91.7%,Fear, 6.1%,Surprise, 1.1%
2025-02-14 11:15:19.362,Fear, 51.4%,Happy, 35.4%,Angry, 10.7%
2025-02-14 11:15:19.429,Fear, 67.0%,Angry, 22.8%,Happy, 6.8%
2025-02-14 11:15:19.563,Happy, 89.8%,Fear, 7.6%,Surprise, 1.3%
2025-02-14 11:15:19.630,Happy, 93.5%,Fear, 4.9%,Angry, 0.6%
2025-02-14 11:15:19.764,Happy, 99.5%,Surprise, 0.3%,Fear, 0.1%
2025-02-14 11:15:19.829,Happy, 98.2%,Angry, 0.9%,Fear, 0.6%
2025-02-14 11:15:19.929,Happy, 91.4%,Fear, 6.5%,Angry, 0.8%
2025-02-14 11:15:20.060,Fear, 52.1%,Happy, 22.4%,Angry, 19.5%
2025-02-14 11:15:20.128,Happy, 44.6%,Fear, 42.4%,Angry, 10.2%
2025-02-14 11:15:20.260,Happy, 99.4%,Fear, 0.3%,Sad, 0.1%
2025-02-14 11:15:20.330,Happy, 98.5%,Fear, 0.9%,Sad, 0.2%
2025-02-14 11:15:21.620,Fear, 64.8%,Angry, 26.7%,Surprise, 5.5%
2025-02-14 11:15:21.723,Angry, 42.9%,Neutral, 26.7%,Fear, 13.9%
2025-02-14 11:15:21.788,Surprise, 62.0%,Angry, 24.0%,Fear, 10.0%
2025-02-14 11:15:22.059,Angry, 53.6%,Neutral, 20.1%,Surprise, 12.3%
2025-02-14 11:15:22.127,Angry, 48.9%,Neutral, 27.5%,Surprise, 9.6%
2025-02-14 11:15:22.261,Angry, 63.8%,Surprise, 16.7%,Sad, 8.3%
2025-02-14 11:15:22.326,Angry, 59.3%,Surprise, 11.9%,Fear, 10.5%
2025-02-14 11:15:22.460,Angry, 55.1%,Fear, 17.8%,Neutral, 11.8%
2025-02-14 11:15:22.526,Angry, 55.5%,Fear, 17.9%,Sad, 9.3%
2025-02-14 11:15:22.661,Angry, 67.7%,Fear, 11.7%,Surprise, 9.7%
2025-02-14 11:15:22.794,Angry, 74.1%,Sad, 9.6%,Neutral, 8.3%
2025-02-14 11:15:22.860,Neutral, 37.7%,Angry, 36.0%,Surprise, 16.3%
2025-02-14 11:15:23.323,Happy, 76.9%,Surprise, 13.6%,Neutral, 5.6%
2025-02-14 11:15:23.390,Surprise, 39.6%,Angry, 30.4%,Fear, 26.2%
2025-02-14 11:15:23.491,Happy, 40.6%,Fear, 28.0%,Surprise, 21.6%
2025-02-14 11:15:23.558,Happy, 74.3%,Fear, 13.6%,Surprise, 6.6%
2025-02-14 11:15:23.692,Happy, 98.3%,Surprise, 0.6%,Angry, 0.6%
2025-02-14 11:15:23.829,Happy, 99.9%,Sad, 0.1%,Fear, 0.0%
2025-02-14 11:15:23.893,Happy, 99.4%,Sad, 0.6%,Surprise, 0.0%
2025-02-14 11:15:24.026,Happy, 98.0%,Sad, 2.0%,Surprise, 0.0%
2025-02-14 11:15:24.093,Happy, 99.8%,Sad, 0.2%,Neutral, 0.0%
2025-02-14 11:15:24.224,Happy, 99.7%,Sad, 0.3%,Neutral, 0.0%
2025-02-14 11:15:24.294,Happy, 99.5%,Sad, 0.5%,Surprise, 0.0%
2025-02-14 11:15:24.425,Happy, 100.0%,Sad, 0.0%,Surprise, 0.0%
2025-02-14 11:15:24.592,Happy, 99.3%,Sad, 0.7%,Neutral, 0.0%
2025-02-14 11:15:24.659,Happy, 100.0%,Sad, 0.0%,Neutral, 0.0%
2025-02-14 11:15:24.725,Happy, 83.5%,Sad, 16.5%,Surprise, 0.0%
2025-02-14 11:15:24.927,Happy, 98.1%,Sad, 1.9%,Surprise, 0.0%
2025-02-14 11:15:25.389,Happy, 99.9%,Sad, 0.1%,Surprise, 0.0%
2025-02-14 11:15:25.459,Happy, 83.3%,Sad, 16.7%,Surprise, 0.0%
2025-02-14 11:15:25.557,Happy, 99.9%,Sad, 0.1%,Surprise, 0.0%
2025-02-14 11:15:25.726,Happy, 99.4%,Sad, 0.6%,Surprise, 0.0%
2025-02-14 11:15:25.891,Happy, 88.4%,Sad, 11.5%,Surprise, 0.1%
2025-02-14 11:15:25.958,Happy, 99.5%,Sad, 0.5%,Surprise, 0.0%
2025-02-14 11:15:26.587,Happy, 100.0%,Sad, 0.0%,Surprise, 0.0%
2025-02-14 11:15:26.656,Happy, 100.0%,Sad, 0.0%,Surprise, 0.0%
2025-02-14 11:15:26.758,Happy, 99.7%,Sad, 0.3%,Surprise, 0.0%
2025-02-14 11:15:26.825,Happy, 61.9%,Fear, 35.4%,Surprise, 1.4%
2025-02-14 11:15:27.189,Happy, 98.8%,Surprise, 0.5%,Fear, 0.3%
2025-02-14 11:15:27.356,Happy, 98.3%,Fear, 0.9%,Surprise, 0.5%
2025-02-14 11:15:27.492,Fear, 68.3%,Happy, 26.0%,Surprise, 2.7%
2025-02-14 11:15:27.560,Happy, 75.3%,Fear, 21.0%,Surprise, 2.9%
2025-02-14 11:15:27.694,Happy, 97.1%,Fear, 1.3%,Angry, 1.1%
2025-02-14 11:15:27.763,Happy, 97.1%,Surprise, 1.3%,Fear, 0.7%
2025-02-14 11:15:27.926,Fear, 48.7%,Happy, 43.2%,Surprise, 5.5%
2025-02-14 11:15:28.058,Happy, 99.9%,Sad, 0.1%,Angry, 0.0%
2025-02-14 11:15:28.124,Happy, 96.8%,Surprise, 1.0%,Fear, 0.9%
2025-02-14 11:15:28.259,Fear, 33.7%,Angry, 25.5%,Neutral, 20.5%
2025-02-14 11:15:28.325,Surprise, 44.4%,Fear, 21.3%,Angry, 20.0%
2025-02-14 11:15:28.458,Angry, 55.2%,Surprise, 20.0%,Sad, 19.2%
2025-02-14 11:15:28.524,Surprise, 53.4%,Angry, 27.8%,Fear, 9.9%
2025-02-14 11:15:28.658,Angry, 41.5%,Surprise, 32.4%,Fear, 12.7%
2025-02-14 11:15:28.725,Fear, 54.5%,Neutral, 26.6%,Sad, 7.8%
2025-02-14 11:15:29.057,Angry, 50.0%,Surprise, 25.2%,Neutral, 10.3%
2025-02-14 11:15:29.122,Neutral, 58.8%,Angry, 14.1%,Surprise, 14.0%
2025-02-14 11:15:29.454,Neutral, 49.1%,Angry, 37.3%,Surprise, 9.1%
2025-02-14 11:15:29.555,Neutral, 71.9%,Angry, 26.4%,Fear, 1.2%
2025-02-14 11:15:29.724,Neutral, 64.9%,Fear, 16.9%,Angry, 16.4%
2025-02-14 11:15:30.089,Angry, 52.7%,Neutral, 26.1%,Fear, 19.1%
2025-02-14 11:15:30.153,Angry, 57.2%,Fear, 22.0%,Neutral, 14.0%
2025-02-14 11:15:30.323,Neutral, 90.2%,Surprise, 4.9%,Angry, 2.7%
2025-02-14 11:15:30.456,Angry, 92.2%,Surprise, 5.5%,Fear, 1.3%
2025-02-14 11:15:30.523,Angry, 73.7%,Surprise, 13.1%,Neutral, 8.2%
2025-02-14 11:15:30.656,Angry, 80.7%,Surprise, 15.6%,Fear, 2.1%
2025-02-14 11:15:30.726,Angry, 76.2%,Surprise, 20.5%,Fear, 2.2%
2025-02-14 11:15:30.857,Angry, 64.6%,Surprise, 26.6%,Neutral, 4.0%
2025-02-14 11:15:30.925,Angry, 81.9%,Surprise, 13.8%,Fear, 2.0%
2025-02-14 11:15:31.057,Angry, 88.5%,Surprise, 8.3%,Fear, 1.5%
2025-02-14 11:15:31.255,Angry, 60.8%,Fear, 24.9%,Surprise, 11.1%
2025-02-14 11:15:31.454,Happy, 72.4%,Neutral, 14.6%,Surprise, 7.4%
2025-02-14 11:15:31.556,Happy, 100.0%,Neutral, 0.0%,Fear, 0.0%
2025-02-14 11:15:31.620,Happy, 99.7%,Neutral, 0.1%,Surprise, 0.1%
2025-02-14 11:15:31.721,Happy, 99.6%,Neutral, 0.3%,Surprise, 0.0%
2025-02-14 11:15:31.790,Happy, 99.8%,Neutral, 0.1%,Surprise, 0.0%
2025-02-14 11:15:31.921,Happy, 99.9%,Neutral, 0.0%,Surprise, 0.0%
2025-02-14 11:15:31.988,Happy, 99.8%,Neutral, 0.1%,Surprise, 0.0%
2025-02-14 11:15:32.124,Happy, 99.3%,Surprise, 0.3%,Neutral, 0.2%
2025-02-14 11:15:32.254,Happy, 99.4%,Neutral, 0.2%,Surprise, 0.2%
2025-02-14 11:15:32.322,Happy, 99.1%,Surprise, 0.5%,Neutral, 0.2%
2025-02-14 11:15:32.456,Happy, 87.9%,Surprise, 8.0%,Fear, 2.3%
2025-02-14 11:15:32.521,Happy, 99.3%,Surprise, 0.4%,Fear, 0.2%
2025-02-14 11:15:32.655,Happy, 90.9%,Surprise, 6.7%,Fear, 1.5%
2025-02-14 11:15:32.722,Happy, 80.5%,Surprise, 14.9%,Fear, 3.3%
2025-02-14 11:15:32.854,Happy, 99.7%,Surprise, 0.1%,Fear, 0.1%
2025-02-14 11:15:32.921,Happy, 97.7%,Sad, 0.8%,Neutral, 0.5%
2025-02-14 11:15:33.021,Angry, 80.9%,Happy, 7.5%,Fear, 4.4%
2025-02-14 11:15:33.087,Angry, 91.5%,Fear, 4.1%,Happy, 1.9%
2025-02-14 11:15:33.154,Angry, 96.7%,Surprise, 1.5%,Fear, 1.0%
2025-02-14 11:15:33.287,Angry, 95.5%,Surprise, 1.9%,Fear, 1.5%
2025-02-14 11:15:33.355,Angry, 66.7%,Fear, 9.7%,Happy, 8.0%
2025-02-14 11:15:33.486,Angry, 77.7%,Happy, 6.7%,Fear, 6.0%
2025-02-14 11:15:33.554,Angry, 48.5%,Surprise, 31.2%,Fear, 8.7%
2025-02-14 11:15:33.817,Angry, 65.6%,Surprise, 12.1%,Happy, 11.8%
2025-02-14 11:15:33.823,Neutral, 98.9%,Happy, 0.4%,Fear, 0.4%
2025-02-14 11:15:33.885,Happy, 53.5%,Angry, 22.0%,Sad, 18.5%
2025-02-14 11:15:34.053,Neutral, 97.0%,Fear, 2.5%,Happy, 0.4%
2025-02-14 11:15:34.553,Neutral, 98.4%,Fear, 0.9%,Happy, 0.6%
2025-02-14 11:15:34.717,Neutral, 88.5%,Happy, 6.8%,Fear, 3.5%
2025-02-14 11:15:34.817,Neutral, 95.6%,Fear, 3.8%,Happy, 0.4%
2025-02-14 11:15:34.886,Neutral, 96.4%,Fear, 1.9%,Angry, 0.9%
2025-02-14 11:15:35.054,Neutral, 96.2%,Fear, 2.0%,Happy, 1.0%
2025-02-14 11:15:35.186,Neutral, 95.9%,Fear, 2.0%,Happy, 1.1%
2025-02-14 11:15:35.255,Neutral, 94.8%,Fear, 3.7%,Angry, 0.6%
2025-02-14 11:15:35.387,Fear, 61.7%,Neutral, 29.5%,Angry, 4.2%
2025-02-14 11:15:35.453,Neutral, 95.9%,Fear, 1.5%,Happy, 1.2%
2025-02-14 11:15:35.654,Neutral, 96.2%,Fear, 1.8%,Happy, 1.0%
2025-02-14 11:15:35.853,Neutral, 75.3%,Fear, 19.5%,Angry, 4.4%
2025-02-14 11:15:35.986,Neutral, 86.2%,Fear, 8.5%,Angry, 3.6%
2025-02-14 11:15:36.053,Neutral, 85.6%,Fear, 8.5%,Angry, 3.7%
2025-02-14 11:15:36.187,Neutral, 53.3%,Angry, 21.7%,Fear, 13.0%
2025-02-14 11:15:36.253,Angry, 86.2%,Sad, 7.7%,Surprise, 4.6%
2025-02-14 11:15:36.320,Angry, 97.3%,Sad, 1.5%,Surprise, 0.7%
2025-02-14 11:15:36.616,Sad, 80.8%,Happy, 11.3%,Surprise, 5.7%
2025-02-14 11:15:36.682,Surprise, 41.3%,Sad, 38.6%,Angry, 12.5%
2025-02-14 11:15:36.785,Sad, 44.8%,Surprise, 42.5%,Angry, 4.5%
2025-02-14 11:15:36.851,Surprise, 34.0%,Angry, 30.7%,Sad, 28.8%
2025-02-14 11:15:36.949,Angry, 83.0%,Surprise, 10.5%,Happy, 4.5%
2025-02-14 11:15:36.957,Neutral, 71.3%,Angry, 9.6%,Sad, 7.0%
2025-02-14 11:15:37.018,Angry, 59.5%,Surprise, 24.7%,Sad, 9.1%
2025-02-14 11:15:37.121,Angry, 34.4%,Surprise, 33.0%,Sad, 13.3%
2025-02-14 11:15:37.185,Angry, 44.9%,Surprise, 39.0%,Sad, 13.1%
2025-02-14 11:15:37.317,Surprise, 53.0%,Sad, 21.7%,Angry, 20.7%
2025-02-14 11:15:37.385,Sad, 50.7%,Surprise, 32.1%,Fear, 8.1%
2025-02-14 11:15:37.484,Surprise, 55.6%,Sad, 23.6%,Angry, 13.7%
2025-02-14 11:15:37.550,Angry, 43.6%,Surprise, 32.9%,Sad, 18.5%
2025-02-14 11:15:37.649,Angry, 43.7%,Surprise, 40.4%,Happy, 8.9%
2025-02-14 11:15:37.716,Sad, 36.3%,Happy, 34.4%,Surprise, 15.3%
2025-02-14 11:15:37.724,Surprise, 62.8%,Angry, 20.1%,Sad, 7.0%
2025-02-14 11:15:37.917,Happy, 66.3%,Angry, 25.7%,Sad, 5.7%
2025-02-14 11:15:39.515,Surprise, 43.1%,Angry, 24.5%,Fear, 14.4%
2025-02-14 11:15:39.613,Angry, 58.9%,Happy, 22.9%,Sad, 16.1%
2025-02-14 11:15:39.745,Happy, 98.0%,Sad, 1.1%,Neutral, 0.8%
2025-02-14 11:15:39.814,Happy, 76.1%,Sad, 11.6%,Neutral, 5.5%
2025-02-14 11:15:39.916,Happy, 84.8%,Sad, 5.8%,Angry, 4.3%
2025-02-14 11:15:39.983,Happy, 85.0%,Sad, 7.0%,Angry, 3.9%
2025-02-14 11:15:40.083,Angry, 72.8%,Happy, 10.3%,Sad, 6.8%
2025-02-14 11:15:40.151,Happy, 64.4%,Angry, 15.8%,Sad, 14.0%
2025-02-14 11:15:40.645,Sad, 45.6%,Neutral, 33.8%,Happy, 16.0%
2025-02-14 11:15:40.713,Neutral, 66.0%,Sad, 23.2%,Happy, 4.8%
2025-02-14 11:15:40.815,Sad, 83.0%,Surprise, 7.6%,Neutral, 5.4%
2025-02-14 11:15:40.984,Happy, 92.8%,Neutral, 5.8%,Sad, 1.2%
2025-02-14 11:15:41.550,Happy, 75.1%,Sad, 23.6%,Surprise, 0.7%
2025-02-14 11:15:41.612,Happy, 60.0%,Neutral, 19.9%,Sad, 18.0%
2025-02-14 11:15:41.781,Sad, 49.1%,Happy, 32.6%,Angry, 10.8%
2025-02-14 11:15:41.882,Neutral, 33.6%,Sad, 26.2%,Happy, 25.3%
2025-02-14 11:15:41.948,Neutral, 93.9%,Happy, 3.3%,Angry, 1.4%
2025-02-14 11:15:42.048,Happy, 57.6%,Angry, 24.8%,Fear, 9.4%
2025-02-14 11:15:42.682,Neutral, 96.6%,Happy, 3.0%,Sad, 0.2%
2025-02-14 11:15:42.845,Neutral, 55.7%,Happy, 26.9%,Angry, 15.0%
2025-02-14 11:15:42.913,Happy, 94.6%,Angry, 3.8%,Sad, 0.8%
2025-02-14 11:15:43.582,Happy, 54.4%,Angry, 19.7%,Sad, 14.6%
2025-02-14 11:15:43.678,Sad, 65.4%,Angry, 19.6%,Happy, 10.2%
2025-02-14 11:15:43.746,Angry, 37.5%,Fear, 26.7%,Surprise, 21.4%
2025-02-14 11:15:43.847,Neutral, 99.7%,Fear, 0.3%,Happy, 0.0%
2025-02-14 11:15:43.852,Surprise, 65.4%,Angry, 26.5%,Sad, 5.1%
2025-02-14 11:15:43.913,Sad, 62.2%,Angry, 15.7%,Surprise, 10.8%
2025-02-14 11:15:43.921,Neutral, 99.3%,Angry, 0.4%,Fear, 0.3%
2025-02-14 11:15:44.014,Sad, 48.4%,Happy, 28.1%,Angry, 11.1%
2025-02-14 11:15:44.024,Neutral, 95.6%,Happy, 3.0%,Sad, 0.8%
2025-02-14 11:15:44.084,Neutral, 96.8%,Fear, 1.9%,Sad, 0.7%
2025-02-14 11:15:44.091,Sad, 56.7%,Surprise, 18.3%,Angry, 11.9%
2025-02-14 11:15:44.217,Angry, 40.7%,Sad, 30.5%,Happy, 13.6%
2025-02-14 11:15:44.282,Sad, 53.5%,Surprise, 18.2%,Fear, 13.6%
2025-02-14 11:15:44.292,Angry, 46.3%,Fear, 25.0%,Surprise, 13.2%
2025-02-14 11:15:44.415,Sad, 45.9%,Angry, 27.8%,Happy, 13.7%
2025-02-14 11:15:44.481,Sad, 52.8%,Angry, 20.6%,Happy, 20.4%
2025-02-14 11:15:44.581,Sad, 78.1%,Happy, 9.6%,Angry, 6.7%
2025-02-14 11:15:44.647,Sad, 61.3%,Happy, 14.9%,Angry, 13.7%
2025-02-14 11:15:44.781,Sad, 49.0%,Angry, 28.6%,Happy, 11.6%
2025-02-14 11:15:44.881,Sad, 42.0%,Angry, 38.8%,Happy, 9.4%
2025-02-14 11:15:44.946,Sad, 55.8%,Angry, 24.7%,Surprise, 11.9%
2025-02-14 11:15:45.048,Sad, 54.2%,Angry, 20.0%,Happy, 17.8%
2025-02-14 11:15:45.114,Sad, 42.2%,Angry, 25.9%,Happy, 15.3%
2025-02-14 11:15:45.214,Sad, 45.4%,Angry, 26.0%,Happy, 19.5%
2025-02-14 11:15:45.282,Happy, 40.4%,Sad, 32.6%,Angry, 17.2%
2025-02-14 11:15:45.381,Sad, 44.8%,Angry, 34.3%,Surprise, 10.3%
2025-02-14 11:15:45.549,Fear, 46.1%,Surprise, 35.9%,Angry, 7.8%
2025-02-14 11:15:45.713,Sad, 55.9%,Angry, 42.7%,Happy, 1.2%
2025-02-14 11:15:45.722,Angry, 28.5%,Surprise, 27.3%,Fear, 25.8%
2025-02-14 11:15:45.915,Surprise, 46.6%,Fear, 22.3%,Sad, 20.9%
2025-02-14 11:15:46.081,Surprise, 53.1%,Fear, 18.2%,Sad, 15.8%
2025-02-14 11:15:46.149,Surprise, 50.3%,Fear, 17.9%,Sad, 17.3%
2025-02-14 11:15:46.282,Surprise, 49.4%,Fear, 23.8%,Sad, 15.8%
2025-02-14 11:15:46.351,Surprise, 49.7%,Fear, 22.7%,Sad, 16.6%
2025-02-14 11:15:46.482,Surprise, 48.2%,Angry, 19.0%,Fear, 18.0%
2025-02-14 11:15:46.549,Surprise, 46.2%,Fear, 25.9%,Angry, 13.1%
2025-02-14 11:15:46.649,Fear, 31.2%,Surprise, 23.9%,Angry, 20.1%
2025-02-14 11:15:46.717,Surprise, 50.1%,Fear, 24.6%,Sad, 11.5%
2025-02-14 11:15:46.849,Surprise, 34.7%,Fear, 31.9%,Angry, 19.9%
2025-02-14 11:15:46.982,Surprise, 49.8%,Fear, 24.6%,Sad, 12.2%
2025-02-14 11:15:47.049,Surprise, 43.1%,Fear, 27.9%,Angry, 15.3%
2025-02-14 11:15:47.257,Surprise, 52.9%,Fear, 19.9%,Sad, 13.0%
2025-02-14 11:15:47.880,Surprise, 33.1%,Fear, 24.9%,Angry, 18.3%
2025-02-14 11:15:47.979,Angry, 57.8%,Surprise, 25.3%,Sad, 12.7%
2025-02-14 11:15:48.044,Sad, 45.1%,Angry, 38.1%,Neutral, 10.3%
2025-02-14 11:15:48.145,Neutral, 99.5%,Angry, 0.2%,Fear, 0.1%
2025-02-14 11:15:48.216,Neutral, 99.7%,Fear, 0.2%,Angry, 0.0%
2025-02-14 11:15:48.548,Sad, 72.0%,Fear, 13.1%,Angry, 5.2%
2025-02-14 11:15:48.646,Sad, 85.0%,Happy, 6.3%,Angry, 6.1%
2025-02-14 11:15:48.715,Sad, 70.4%,Happy, 14.2%,Angry, 7.3%
2025-02-14 11:15:48.814,Sad, 92.9%,Angry, 2.7%,Surprise, 2.2%
2025-02-14 11:15:48.915,Sad, 92.2%,Surprise, 4.1%,Angry, 1.6%
2025-02-14 11:15:49.047,Sad, 97.9%,Surprise, 1.3%,Angry, 0.5%
2025-02-14 11:15:49.115,Sad, 99.1%,Surprise, 0.6%,Angry, 0.1%
2025-02-14 11:15:49.250,Sad, 94.8%,Surprise, 2.4%,Angry, 1.7%
2025-02-14 11:15:49.341,Sad, 95.6%,Surprise, 2.2%,Angry, 0.9%
2025-02-14 11:15:49.449,Sad, 93.1%,Angry, 3.1%,Surprise, 3.0%
2025-02-14 11:15:49.516,Sad, 89.6%,Angry, 5.2%,Surprise, 3.7%
2025-02-14 11:15:49.649,Sad, 82.1%,Surprise, 13.4%,Angry, 3.2%
2025-02-14 11:15:49.716,Sad, 89.0%,Surprise, 7.8%,Angry, 1.7%
2025-02-14 11:15:49.849,Angry, 49.1%,Sad, 37.3%,Surprise, 11.7%
2025-02-14 11:15:49.950,Sad, 60.5%,Angry, 28.8%,Surprise, 9.3%
2025-02-14 11:15:50.081,Sad, 73.5%,Angry, 13.2%,Surprise, 11.0%
2025-02-14 11:15:50.148,Sad, 46.8%,Angry, 43.2%,Surprise, 8.6%
2025-02-14 11:15:50.280,Surprise, 59.6%,Sad, 29.7%,Angry, 7.2%
2025-02-14 11:15:50.348,Angry, 82.3%,Surprise, 13.9%,Sad, 3.3%
2025-02-14 11:15:50.480,Angry, 56.4%,Surprise, 24.7%,Sad, 17.8%
2025-02-14 11:15:50.547,Angry, 93.8%,Surprise, 4.3%,Sad, 1.1%
2025-02-14 11:15:50.679,Angry, 82.8%,Sad, 10.4%,Surprise, 4.9%
2025-02-14 11:15:50.747,Surprise, 53.5%,Angry, 36.2%,Sad, 6.9%
2025-02-14 11:15:50.881,Angry, 68.3%,Sad, 19.6%,Surprise, 9.0%
2025-02-14 11:15:50.979,Angry, 94.0%,Sad, 2.5%,Surprise, 2.2%
2025-02-14 11:15:51.114,Angry, 92.8%,Surprise, 4.0%,Sad, 1.8%
2025-02-14 11:15:51.180,Angry, 90.2%,Surprise, 4.6%,Sad, 2.8%
2025-02-14 11:15:51.313,Angry, 67.2%,Surprise, 21.3%,Sad, 7.9%
2025-02-14 11:15:51.380,Angry, 74.2%,Surprise, 12.2%,Sad, 11.4%
2025-02-14 11:15:51.513,Angry, 83.6%,Surprise, 7.3%,Sad, 6.5%
2025-02-14 11:15:51.581,Angry, 84.4%,Sad, 8.5%,Surprise, 4.7%
2025-02-14 11:15:51.713,Angry, 83.3%,Surprise, 7.6%,Sad, 5.1%
2025-02-14 11:15:51.780,Angry, 86.0%,Surprise, 6.2%,Sad, 5.7%
2025-02-14 11:15:51.914,Angry, 87.0%,Surprise, 8.7%,Fear, 2.3%
2025-02-14 11:15:52.012,Angry, 82.4%,Surprise, 11.0%,Sad, 4.5%
2025-02-14 11:15:52.147,Surprise, 47.2%,Angry, 42.9%,Sad, 4.6%
2025-02-14 11:15:52.213,Angry, 60.6%,Surprise, 24.6%,Sad, 12.5%
2025-02-14 11:15:52.348,Angry, 65.3%,Surprise, 26.9%,Sad, 4.6%
2025-02-14 11:15:52.414,Angry, 49.9%,Surprise, 43.5%,Sad, 5.3%
2025-02-14 11:15:52.546,Angry, 77.6%,Surprise, 16.2%,Sad, 5.7%
2025-02-14 11:15:52.615,Angry, 74.1%,Surprise, 20.2%,Sad, 5.0%
2025-02-14 11:15:52.815,Angry, 69.0%,Surprise, 28.0%,Sad, 2.5%
2025-02-14 11:15:52.881,Angry, 83.5%,Sad, 11.8%,Surprise, 4.2%
2025-02-14 11:15:53.013,Angry, 69.6%,Surprise, 20.6%,Sad, 8.6%
2025-02-14 11:15:53.081,Angry, 91.8%,Sad, 4.9%,Surprise, 2.8%
2025-02-14 11:15:53.214,Angry, 91.1%,Surprise, 6.9%,Sad, 1.8%
2025-02-14 11:15:53.282,Angry, 71.7%,Surprise, 22.2%,Sad, 4.4%
2025-02-14 11:15:53.412,Angry, 73.8%,Surprise, 19.8%,Sad, 5.5%
2025-02-14 11:15:53.480,Angry, 79.3%,Surprise, 13.2%,Sad, 6.8%
2025-02-14 11:15:53.613,Angry, 49.2%,Surprise, 43.8%,Sad, 5.6%
2025-02-14 11:15:53.681,Angry, 66.6%,Surprise, 31.0%,Sad, 1.8%
2025-02-14 11:15:53.813,Angry, 70.7%,Surprise, 14.6%,Sad, 13.5%
2025-02-14 11:15:53.880,Angry, 67.1%,Surprise, 21.5%,Sad, 10.0%
2025-02-14 11:15:54.012,Angry, 80.6%,Surprise, 11.9%,Sad, 7.1%
2025-02-14 11:15:54.079,Angry, 78.2%,Sad, 10.8%,Surprise, 10.2%
2025-02-14 11:15:54.148,Angry, 64.1%,Surprise, 19.6%,Sad, 12.6%
2025-02-14 11:15:54.281,Angry, 55.0%,Surprise, 40.6%,Sad, 3.4%
2025-02-14 11:15:54.352,Surprise, 74.2%,Angry, 22.0%,Sad, 1.8%
2025-02-14 11:15:54.479,Surprise, 54.9%,Angry, 42.3%,Sad, 1.4%
2025-02-14 11:15:54.547,Angry, 80.2%,Surprise, 11.5%,Sad, 8.0%
2025-02-14 11:15:54.680,Angry, 88.1%,Sad, 8.2%,Surprise, 3.4%
2025-02-14 11:15:54.745,Angry, 69.9%,Surprise, 16.8%,Sad, 12.3%
2025-02-14 11:15:54.878,Angry, 65.5%,Surprise, 26.0%,Sad, 7.4%
2025-02-14 11:15:54.946,Angry, 72.0%,Sad, 14.9%,Surprise, 11.7%
2025-02-14 11:15:55.079,Angry, 60.8%,Surprise, 27.1%,Sad, 10.6%
2025-02-14 11:15:55.144,Angry, 82.5%,Sad, 12.5%,Surprise, 4.4%
2025-02-14 11:15:55.213,Angry, 88.3%,Sad, 7.9%,Surprise, 3.4%
2025-02-14 11:15:55.344,Angry, 85.0%,Sad, 7.5%,Surprise, 6.9%
2025-02-14 11:15:55.412,Angry, 72.6%,Surprise, 17.4%,Sad, 9.0%
2025-02-14 11:15:55.546,Angry, 61.8%,Surprise, 22.5%,Sad, 15.0%
2025-02-14 11:15:55.611,Angry, 53.8%,Surprise, 35.3%,Sad, 9.4%
2025-02-14 11:15:55.747,Angry, 81.8%,Surprise, 12.1%,Sad, 5.8%
2025-02-14 11:15:55.811,Angry, 78.2%,Sad, 14.1%,Surprise, 7.4%
2025-02-14 11:15:55.945,Angry, 96.5%,Sad, 1.8%,Surprise, 1.4%
2025-02-14 11:15:56.013,Angry, 70.6%,Surprise, 18.3%,Sad, 10.6%
2025-02-14 11:15:56.146,Angry, 92.8%,Surprise, 5.8%,Sad, 1.4%
2025-02-14 11:15:56.211,Angry, 78.5%,Surprise, 12.2%,Sad, 8.9%
2025-02-14 11:15:56.378,Angry, 89.2%,Sad, 8.5%,Surprise, 2.1%
2025-02-14 11:15:56.511,Angry, 99.3%,Surprise, 0.4%,Sad, 0.3%
2025-02-14 11:15:56.576,Angry, 99.5%,Surprise, 0.4%,Sad, 0.1%
2025-02-14 11:15:56.712,Angry, 95.2%,Sad, 2.4%,Surprise, 2.3%
2025-02-14 11:15:56.845,Angry, 85.2%,Surprise, 12.1%,Sad, 2.5%
2025-02-14 11:15:56.911,Angry, 66.4%,Surprise, 20.9%,Sad, 12.2%
2025-02-14 11:15:57.044,Angry, 52.4%,Surprise, 42.9%,Sad, 4.0%
2025-02-14 11:15:57.145,Angry, 63.0%,Surprise, 27.9%,Sad, 7.9%
2025-02-14 11:15:57.210,Angry, 86.5%,Surprise, 8.4%,Sad, 4.3%
2025-02-14 11:15:57.343,Angry, 52.4%,Surprise, 43.8%,Sad, 2.7%
2025-02-14 11:15:57.413,Angry, 66.8%,Surprise, 26.6%,Sad, 6.0%
2025-02-14 11:15:57.512,Angry, 88.5%,Surprise, 8.8%,Sad, 2.5%
2025-02-14 11:15:57.579,Angry, 91.4%,Surprise, 7.6%,Sad, 0.7%
2025-02-14 11:15:57.644,Angry, 94.5%,Surprise, 3.6%,Sad, 1.6%
2025-02-14 11:15:57.710,Angry, 66.5%,Surprise, 27.7%,Sad, 5.1%
2025-02-14 11:15:57.779,Angry, 57.9%,Surprise, 35.8%,Sad, 5.7%
2025-02-14 11:15:57.847,Angry, 79.2%,Surprise, 18.3%,Sad, 1.4%
2025-02-14 11:15:57.911,Angry, 86.0%,Surprise, 12.2%,Sad, 1.2%
2025-02-14 11:15:57.977,Angry, 85.1%,Surprise, 11.5%,Sad, 3.0%
2025-02-14 11:15:58.043,Angry, 95.7%,Surprise, 2.7%,Sad, 1.3%
2025-02-14 11:15:58.111,Angry, 80.1%,Sad, 10.7%,Surprise, 8.8%
2025-02-14 11:15:58.176,Angry, 82.9%,Surprise, 9.8%,Sad, 6.8%
2025-02-14 11:15:58.243,Angry, 89.2%,Surprise, 7.7%,Sad, 2.5%
2025-02-14 11:15:58.310,Angry, 76.4%,Surprise, 18.1%,Sad, 5.0%
2025-02-14 11:15:58.377,Angry, 95.5%,Surprise, 3.5%,Sad, 0.8%
2025-02-14 11:15:58.443,Angry, 93.8%,Surprise, 3.4%,Sad, 2.6%
2025-02-14 11:15:58.512,Angry, 91.6%,Surprise, 6.6%,Sad, 1.5%
2025-02-14 11:15:58.579,Angry, 83.5%,Surprise, 12.9%,Sad, 3.2%
2025-02-14 11:15:58.644,Angry, 85.4%,Surprise, 8.2%,Sad, 6.2%
2025-02-14 11:15:58.712,Angry, 95.4%,Sad, 2.5%,Surprise, 1.9%
2025-02-14 11:15:58.777,Angry, 87.9%,Surprise, 9.2%,Sad, 2.5%
2025-02-14 11:15:58.843,Angry, 91.1%,Surprise, 5.0%,Sad, 3.6%
2025-02-14 11:15:58.911,Angry, 84.8%,Surprise, 9.7%,Sad, 4.9%
2025-02-14 11:15:58.978,Angry, 88.7%,Surprise, 8.0%,Sad, 3.0%
2025-02-14 11:15:59.045,Angry, 94.1%,Sad, 3.3%,Surprise, 2.4%
2025-02-14 11:15:59.111,Angry, 69.4%,Surprise, 19.4%,Sad, 9.5%
2025-02-14 11:15:59.176,Angry, 91.8%,Surprise, 5.3%,Sad, 2.5%
2025-02-14 11:15:59.243,Angry, 81.2%,Surprise, 15.2%,Sad, 3.2%
2025-02-14 11:15:59.309,Angry, 74.9%,Surprise, 12.1%,Sad, 11.8%
2025-02-14 11:15:59.377,Angry, 77.7%,Surprise, 16.0%,Sad, 5.2%
2025-05-01 16:24:09.731,Sad, 91.8%,Surprise, 2.5%,Fear, 2.3%
2025-05-01 16:24:09.816,Sad, 97.2%,Angry, 1.7%,Happy, 0.8%
2025-05-01 16:24:09.916,Sad, 99.1%,Angry, 0.4%,Surprise, 0.2%
2025-05-01 16:24:09.983,Sad, 98.0%,Angry, 1.2%,Happy, 0.4%
2025-05-01 16:24:10.084,Sad, 98.1%,Happy, 0.7%,Angry, 0.5%
2025-05-01 16:24:10.150,Sad, 94.5%,Happy, 3.8%,Fear, 1.1%
2025-05-01 16:24:10.216,Sad, 82.1%,Happy, 17.6%,Angry, 0.1%
2025-05-01 16:24:10.283,Happy, 83.6%,Sad, 16.2%,Surprise, 0.1%
2025-05-01 16:24:10.350,Happy, 87.1%,Sad, 10.8%,Surprise, 1.0%
2025-05-01 16:24:10.416,Happy, 92.3%,Sad, 4.6%,Surprise, 2.6%
2025-05-01 16:24:10.483,Happy, 85.2%,Sad, 6.8%,Surprise, 5.7%
2025-05-01 16:24:10.549,Happy, 43.9%,Surprise, 18.9%,Sad, 14.8%
2025-05-01 16:24:10.616,Sad, 86.2%,Happy, 8.7%,Surprise, 2.7%
2025-05-01 16:24:10.684,Sad, 82.5%,Surprise, 5.9%,Happy, 4.8%
2025-05-01 16:24:10.783,Sad, 79.2%,Happy, 9.4%,Surprise, 5.7%
2025-05-01 16:24:10.849,Happy, 63.6%,Angry, 15.7%,Surprise, 10.2%
2025-05-01 16:24:10.916,Happy, 42.1%,Sad, 41.0%,Angry, 6.6%
2025-05-01 16:24:10.982,Fear, 36.9%,Sad, 23.7%,Surprise, 23.6%
2025-05-01 16:24:11.049,Happy, 51.9%,Fear, 20.4%,Sad, 11.5%
2025-05-01 16:24:11.116,Sad, 90.4%,Happy, 4.3%,Fear, 2.0%
2025-05-01 16:24:11.182,Fear, 42.5%,Sad, 26.2%,Happy, 16.3%
2025-05-01 16:24:11.249,Happy, 69.0%,Fear, 20.6%,Angry, 4.7%
2025-05-01 16:24:11.316,Happy, 81.6%,Neutral, 8.4%,Sad, 6.4%
2025-05-01 16:24:11.384,Happy, 91.2%,Neutral, 5.2%,Sad, 1.9%
2025-05-01 16:24:11.483,Happy, 95.6%,Sad, 2.6%,Neutral, 1.3%
2025-05-01 16:24:11.583,Happy, 92.4%,Sad, 7.3%,Angry, 0.2%
2025-05-01 16:24:11.648,Happy, 80.8%,Sad, 19.1%,Fear, 0.1%
2025-05-01 16:24:11.717,Sad, 92.9%,Happy, 6.4%,Angry, 0.4%
2025-05-01 16:24:11.815,Happy, 50.5%,Sad, 49.1%,Angry, 0.3%
2025-05-01 16:24:11.882,Happy, 72.7%,Sad, 27.2%,Fear, 0.0%
2025-05-01 16:24:11.948,Happy, 82.7%,Sad, 16.7%,Fear, 0.2%
2025-05-01 16:24:12.016,Happy, 93.3%,Sad, 6.0%,Angry, 0.3%
2025-05-01 16:24:12.084,Happy, 97.3%,Sad, 1.6%,Angry, 0.8%
2025-05-01 16:24:12.181,Happy, 93.1%,Sad, 3.3%,Neutral, 2.4%
2025-05-01 16:24:12.248,Happy, 95.4%,Angry, 1.9%,Sad, 1.6%
2025-05-01 16:24:12.315,Happy, 56.3%,Sad, 33.8%,Neutral, 6.1%
2025-05-01 16:24:12.381,Happy, 56.8%,Sad, 42.2%,Fear, 0.8%
2025-05-01 16:24:12.448,Sad, 98.9%,Fear, 0.5%,Happy, 0.4%
2025-05-01 16:24:12.515,Sad, 89.7%,Happy, 7.1%,Fear, 2.4%
2025-05-01 16:24:12.582,Happy, 98.2%,Sad, 1.7%,Angry, 0.1%
2025-05-01 16:24:12.682,Happy, 96.6%,Sad, 3.4%,Neutral, 0.0%
2025-05-01 16:24:12.749,Happy, 99.7%,Angry, 0.1%,Sad, 0.1%
2025-05-01 16:24:12.815,Happy, 81.0%,Angry, 15.1%,Sad, 2.7%
2025-05-01 16:24:12.881,Sad, 92.7%,Surprise, 3.3%,Happy, 1.5%
2025-05-01 16:24:12.949,Sad, 76.2%,Happy, 22.3%,Angry, 0.6%
2025-05-01 16:24:13.016,Sad, 80.2%,Happy, 16.7%,Angry, 1.7%
2025-05-01 16:24:13.083,Sad, 95.1%,Happy, 3.8%,Surprise, 0.5%
2025-05-01 16:24:13.182,Sad, 97.5%,Happy, 1.1%,Surprise, 0.6%
2025-05-01 16:24:13.248,Sad, 93.8%,Happy, 3.6%,Angry, 1.1%
2025-05-01 16:24:13.315,Sad, 79.2%,Angry, 7.4%,Happy, 6.8%
2025-05-01 16:24:13.381,Angry, 44.1%,Sad, 23.7%,Fear, 14.0%
2025-05-01 16:24:13.447,Sad, 84.9%,Surprise, 6.5%,Fear, 4.6%
2025-05-01 16:24:13.514,Sad, 44.2%,Neutral, 35.4%,Fear, 9.1%
2025-05-01 16:24:13.582,Neutral, 34.3%,Sad, 23.5%,Fear, 16.7%
2025-05-01 16:24:13.681,Fear, 54.5%,Sad, 39.3%,Surprise, 4.9%
2025-05-01 16:24:13.748,Sad, 76.1%,Surprise, 9.7%,Fear, 8.8%
2025-05-01 16:24:13.849,Sad, 39.9%,Fear, 34.2%,Surprise, 15.3%
2025-05-01 16:24:13.915,Fear, 68.5%,Sad, 18.1%,Surprise, 8.8%
2025-05-01 16:24:14.050,Surprise, 38.9%,Fear, 19.0%,Sad, 14.2%
2025-05-01 16:24:14.116,Sad, 51.1%,Fear, 28.3%,Surprise, 13.7%
2025-05-01 16:24:14.214,Sad, 62.0%,Fear, 23.5%,Surprise, 11.1%
2025-05-01 16:24:14.280,Sad, 67.7%,Fear, 13.8%,Surprise, 13.4%
2025-05-01 16:24:14.381,Fear, 37.8%,Surprise, 17.0%,Angry, 15.6%
2025-05-01 16:24:14.447,Fear, 32.7%,Angry, 26.8%,Sad, 18.7%
2025-05-01 16:24:14.515,Fear, 59.4%,Surprise, 17.1%,Happy, 13.4%
2025-05-01 16:24:14.580,Fear, 62.1%,Sad, 15.5%,Surprise, 14.9%
2025-05-01 16:24:14.682,Fear, 71.4%,Surprise, 10.5%,Sad, 9.9%
2025-05-01 16:24:14.747,Fear, 73.3%,Surprise, 9.5%,Sad, 7.1%
2025-05-01 16:24:14.814,Fear, 75.7%,Surprise, 8.2%,Angry, 7.5%
2025-05-01 16:24:14.914,Fear, 54.0%,Angry, 18.7%,Surprise, 14.6%
2025-05-01 16:24:14.981,Sad, 70.7%,Fear, 22.8%,Surprise, 5.5%
2025-05-01 16:24:15.081,Sad, 85.2%,Fear, 11.2%,Surprise, 2.9%
2025-05-01 16:24:15.147,Fear, 40.8%,Sad, 33.2%,Surprise, 15.3%
2025-05-01 16:24:15.247,Fear, 65.5%,Sad, 15.7%,Surprise, 10.6%
2025-05-01 16:24:15.350,Sad, 95.7%,Surprise, 3.1%,Fear, 1.0%
2025-05-01 16:24:15.416,Sad, 92.6%,Surprise, 4.4%,Fear, 2.7%
2025-05-01 16:24:15.481,Sad, 97.5%,Fear, 2.0%,Surprise, 0.4%
2025-05-01 16:24:15.583,Sad, 61.1%,Fear, 23.9%,Surprise, 9.5%
2025-05-01 16:24:15.647,Sad, 52.0%,Fear, 29.3%,Surprise, 12.4%
2025-05-01 16:24:15.748,Sad, 70.2%,Fear, 21.6%,Surprise, 7.4%
2025-05-01 16:24:15.819,Sad, 49.0%,Fear, 36.5%,Surprise, 11.8%
2025-05-01 16:24:15.886,Fear, 53.1%,Sad, 32.3%,Surprise, 10.9%
2025-05-01 16:24:15.982,Fear, 54.0%,Sad, 36.2%,Surprise, 8.1%
2025-05-01 16:24:16.050,Sad, 56.8%,Fear, 23.8%,Surprise, 15.9%
2025-05-01 16:24:16.147,Fear, 45.5%,Sad, 37.7%,Surprise, 12.4%
2025-05-01 16:24:16.215,Sad, 46.1%,Fear, 40.7%,Surprise, 9.4%
2025-05-01 16:24:16.314,Fear, 69.1%,Sad, 18.1%,Surprise, 5.9%
2025-05-01 16:24:16.381,Sad, 74.2%,Surprise, 11.8%,Fear, 10.9%
2025-05-01 16:24:16.480,Fear, 38.4%,Sad, 36.9%,Surprise, 17.7%
2025-05-01 16:24:16.547,Sad, 43.4%,Fear, 33.5%,Surprise, 17.0%
2025-05-01 16:24:16.649,Fear, 65.6%,Sad, 22.3%,Surprise, 8.3%
2025-05-01 16:24:16.715,Fear, 64.5%,Sad, 23.3%,Surprise, 9.7%
2025-05-01 16:24:16.813,Fear, 62.5%,Surprise, 17.5%,Sad, 8.6%
2025-05-01 16:24:16.880,Fear, 93.7%,Surprise, 2.7%,Sad, 1.4%
2025-05-01 16:24:16.947,Fear, 80.2%,Happy, 6.2%,Surprise, 4.5%
2025-05-01 16:24:17.047,Fear, 92.9%,Neutral, 3.3%,Surprise, 1.7%
2025-05-01 16:24:17.113,Fear, 73.9%,Neutral, 23.4%,Happy, 1.3%
2025-05-01 16:24:17.215,Fear, 55.0%,Sad, 20.1%,Happy, 7.4%
2025-05-01 16:24:17.280,Sad, 47.4%,Fear, 29.0%,Surprise, 10.4%
2025-05-01 16:24:17.380,Sad, 41.0%,Fear, 33.7%,Surprise, 11.4%
2025-05-01 16:24:17.448,Fear, 74.1%,Angry, 12.9%,Neutral, 5.0%
2025-05-01 16:24:17.547,Fear, 44.5%,Neutral, 40.7%,Angry, 7.8%
2025-05-01 16:24:17.614,Fear, 48.1%,Neutral, 17.7%,Sad, 17.3%
2025-05-01 16:24:17.714,Fear, 51.0%,Sad, 18.0%,Angry, 14.4%
2025-05-01 16:24:17.781,Fear, 58.8%,Angry, 23.2%,Sad, 9.3%
2025-05-01 16:24:17.880,Fear, 32.1%,Sad, 27.9%,Angry, 24.2%
2025-05-01 16:24:17.948,Angry, 45.6%,Fear, 33.3%,Sad, 11.8%
2025-05-01 16:24:18.015,Fear, 77.1%,Neutral, 5.6%,Sad, 5.0%
2025-05-01 16:24:18.114,Sad, 47.8%,Fear, 40.6%,Neutral, 5.1%
2025-05-01 16:24:18.181,Fear, 75.1%,Sad, 15.2%,Neutral, 7.5%
2025-05-01 16:24:18.245,Sad, 97.1%,Fear, 0.9%,Surprise, 0.8%
2025-05-01 16:24:18.346,Sad, 94.5%,Neutral, 2.2%,Fear, 1.9%
2025-05-01 16:24:18.413,Sad, 97.0%,Fear, 1.5%,Surprise, 1.4%
2025-05-01 16:24:18.514,Surprise, 47.7%,Sad, 20.8%,Angry, 19.3%
2025-05-01 16:24:18.581,Angry, 50.4%,Surprise, 39.9%,Fear, 8.1%
2025-05-01 16:24:18.681,Fear, 59.0%,Angry, 30.1%,Surprise, 6.7%
2025-05-01 16:24:18.747,Angry, 46.5%,Fear, 46.1%,Sad, 4.2%
2025-05-01 16:24:18.813,Angry, 49.3%,Fear, 33.0%,Surprise, 14.4%
2025-05-01 16:24:18.915,Angry, 81.7%,Surprise, 9.4%,Fear, 7.4%
2025-05-01 16:24:18.981,Angry, 43.5%,Surprise, 37.0%,Sad, 15.0%
2025-05-01 16:24:19.046,Sad, 97.0%,Fear, 1.7%,Surprise, 0.7%
2025-05-01 16:24:19.147,Sad, 94.7%,Happy, 3.0%,Surprise, 0.8%
2025-05-01 16:24:19.214,Sad, 35.4%,Angry, 30.0%,Happy, 17.6%
2025-05-01 16:24:19.314,Sad, 73.6%,Happy, 16.4%,Fear, 4.0%
2025-05-01 16:24:19.380,Angry, 34.3%,Fear, 29.1%,Happy, 27.5%
2025-05-01 16:24:19.481,Happy, 69.8%,Angry, 10.4%,Fear, 7.8%
2025-05-01 16:24:19.548,Happy, 41.9%,Sad, 22.1%,Surprise, 11.5%
2025-05-01 16:24:19.648,Sad, 31.9%,Fear, 27.7%,Happy, 19.4%
2025-05-01 16:24:19.712,Sad, 59.6%,Fear, 14.2%,Surprise, 10.9%
2025-05-01 16:24:19.781,Neutral, 38.1%,Sad, 23.3%,Fear, 21.1%
2025-05-01 16:24:19.848,Sad, 49.5%,Neutral, 20.9%,Fear, 16.0%
2025-05-01 16:24:19.912,Sad, 75.2%,Happy, 10.2%,Fear, 6.3%
2025-05-01 16:24:20.014,Sad, 90.8%,Neutral, 4.5%,Fear, 2.7%
2025-05-01 16:24:20.079,Neutral, 46.6%,Sad, 43.5%,Fear, 6.7%
2025-05-01 16:24:20.146,Sad, 82.7%,Neutral, 14.6%,Fear, 1.3%
2025-05-01 16:24:20.247,Sad, 80.2%,Neutral, 14.9%,Fear, 2.7%
2025-05-01 16:24:20.346,Fear, 48.2%,Sad, 28.6%,Neutral, 21.5%
2025-05-01 16:24:20.413,Sad, 86.4%,Neutral, 10.3%,Fear, 2.1%
2025-05-01 16:24:20.513,Sad, 65.9%,Neutral, 27.3%,Fear, 4.0%
2025-05-01 16:24:20.578,Sad, 97.3%,Fear, 1.2%,Neutral, 0.8%
2025-05-01 16:24:20.678,Sad, 94.9%,Neutral, 3.4%,Fear, 0.8%
2025-05-01 16:24:20.746,Sad, 95.5%,Fear, 1.7%,Surprise, 1.4%
2025-05-01 16:24:20.845,Sad, 93.1%,Neutral, 2.8%,Fear, 1.7%
2025-05-01 16:24:20.912,Sad, 86.5%,Neutral, 5.7%,Happy, 4.1%
2025-05-01 16:24:21.011,Happy, 98.9%,Sad, 1.1%,Neutral, 0.0%
2025-05-01 16:24:21.078,Happy, 100.0%,Sad, 0.0%,Angry, 0.0%
2025-05-01 16:24:21.145,Happy, 99.8%,Sad, 0.2%,Angry, 0.0%
2025-05-01 16:24:21.211,Happy, 93.4%,Sad, 6.6%,Neutral, 0.0%
2025-05-01 16:24:21.278,Happy, 99.9%,Sad, 0.1%,Neutral, 0.0%
2025-05-01 16:24:21.380,Happy, 99.2%,Sad, 0.8%,Neutral, 0.0%
2025-05-01 16:24:21.444,Happy, 100.0%,Sad, 0.0%,Neutral, 0.0%
2025-05-01 16:24:21.514,Happy, 100.0%,Sad, 0.0%,Neutral, 0.0%
2025-05-01 16:24:21.579,Happy, 100.0%,Sad, 0.0%,Neutral, 0.0%
2025-05-01 16:24:21.677,Happy, 100.0%,Sad, 0.0%,Neutral, 0.0%
2025-05-01 16:24:21.746,Happy, 100.0%,Sad, 0.0%,Surprise, 0.0%
2025-05-01 16:24:21.845,Happy, 99.8%,Sad, 0.2%,Neutral, 0.0%
2025-05-01 16:24:21.911,Happy, 100.0%,Sad, 0.0%,Surprise, 0.0%
2025-05-01 16:24:21.995,Happy, 100.0%,Sad, 0.0%,Surprise, 0.0%
2025-05-01 16:24:22.060,Happy, 99.9%,Sad, 0.1%,Neutral, 0.0%
2025-05-01 16:24:22.180,Happy, 100.0%,Sad, 0.0%,Neutral, 0.0%
2025-05-01 16:24:22.278,Happy, 100.0%,Sad, 0.0%,Neutral, 0.0%
2025-05-01 16:24:22.345,Happy, 100.0%,Sad, 0.0%,Neutral, 0.0%
2025-05-01 16:24:22.447,Happy, 100.0%,Sad, 0.0%,Neutral, 0.0%
2025-05-01 16:24:22.525,Happy, 100.0%,Sad, 0.0%,Neutral, 0.0%
2025-05-01 16:24:22.611,Happy, 100.0%,Sad, 0.0%,Neutral, 0.0%
2025-05-01 16:24:22.680,Happy, 100.0%,Sad, 0.0%,Neutral, 0.0%
2025-05-01 16:24:22.744,Happy, 100.0%,Sad, 0.0%,Neutral, 0.0%
2025-05-01 16:24:22.848,Happy, 96.8%,Sad, 3.2%,Surprise, 0.0%
2025-05-01 16:24:22.979,Happy, 90.9%,Sad, 9.1%,Neutral, 0.0%
2025-05-01 16:24:23.079,Happy, 92.1%,Sad, 7.9%,Neutral, 0.0%
2025-05-01 16:24:23.147,Happy, 96.9%,Sad, 3.1%,Neutral, 0.0%
2025-05-01 16:24:23.212,Happy, 83.4%,Sad, 16.6%,Neutral, 0.0%
2025-05-01 16:24:23.313,Happy, 100.0%,Sad, 0.0%,Surprise, 0.0%
2025-05-01 16:24:23.381,Happy, 99.9%,Sad, 0.1%,Neutral, 0.0%
2025-05-01 16:24:23.479,Happy, 69.3%,Neutral, 28.1%,Fear, 2.1%
2025-05-01 16:24:23.546,Neutral, 53.0%,Fear, 34.4%,Happy, 6.7%
2025-05-01 16:24:23.645,Fear, 56.5%,Neutral, 36.9%,Happy, 5.0%
2025-05-01 16:24:23.715,Happy, 43.0%,Neutral, 33.3%,Fear, 13.2%
2025-05-01 16:24:23.812,Neutral, 43.4%,Happy, 40.5%,Fear, 7.0%
2025-05-01 16:24:23.882,Happy, 73.8%,Angry, 11.2%,Fear, 9.9%
2025-05-01 16:24:24.050,Neutral, 85.5%,Happy, 9.2%,Fear, 4.3%
2025-05-01 16:24:24.140,Fear, 64.9%,Angry, 13.4%,Happy, 12.9%
2025-05-01 16:24:24.247,Angry, 35.6%,Neutral, 30.4%,Fear, 29.4%
2025-05-01 16:24:24.345,Neutral, 62.0%,Happy, 19.9%,Fear, 13.9%
2025-05-01 16:24:24.412,Neutral, 97.8%,Fear, 1.0%,Happy, 1.0%
2025-05-01 16:24:24.511,Neutral, 99.7%,Happy, 0.2%,Fear, 0.1%
2025-05-01 16:24:24.577,Sad, 70.1%,Neutral, 15.3%,Fear, 8.3%
2025-05-01 16:24:24.681,Happy, 37.6%,Angry, 35.7%,Sad, 24.9%
2025-05-01 16:24:24.744,Angry, 90.3%,Happy, 7.4%,Sad, 1.8%
2025-05-01 16:24:24.844,Angry, 89.9%,Sad, 6.9%,Fear, 2.5%
2025-05-01 16:24:24.912,Sad, 48.5%,Angry, 47.2%,Fear, 2.6%
2025-05-01 16:24:25.011,Angry, 93.1%,Sad, 5.5%,Fear, 1.0%
2025-05-01 16:24:25.078,Angry, 97.0%,Sad, 1.4%,Fear, 1.1%
2025-05-01 16:24:25.177,Angry, 47.4%,Sad, 34.2%,Fear, 15.8%
2025-05-01 16:24:25.246,Angry, 49.9%,Fear, 34.1%,Sad, 13.2%
2025-05-01 16:24:25.312,Fear, 45.8%,Angry, 31.7%,Sad, 20.2%
2025-05-01 16:24:25.411,Angry, 39.9%,Fear, 30.2%,Sad, 27.4%
2025-05-01 16:24:25.480,Fear, 61.3%,Angry, 20.2%,Sad, 15.5%
2025-05-01 16:24:25.578,Angry, 54.8%,Fear, 40.2%,Sad, 3.4%
2025-05-01 16:24:25.645,Happy, 52.4%,Angry, 46.1%,Fear, 0.9%
2025-05-01 16:24:25.743,Angry, 71.8%,Happy, 27.9%,Fear, 0.3%
2025-05-01 16:24:25.810,Angry, 98.4%,Happy, 1.5%,Fear, 0.1%
2025-05-01 16:24:25.945,Angry, 95.4%,Fear, 2.7%,Surprise, 1.5%
2025-05-01 16:24:26.043,Angry, 97.4%,Happy, 1.2%,Fear, 0.8%
2025-05-01 16:24:26.110,Angry, 95.7%,Fear, 3.9%,Disgust, 0.2%
2025-05-01 16:24:26.177,Angry, 93.7%,Fear, 3.2%,Happy, 1.5%
2025-05-01 16:24:26.244,Happy, 89.1%,Angry, 8.3%,Sad, 2.2%
2025-05-01 16:24:26.342,Angry, 46.1%,Sad, 24.7%,Fear, 12.8%
2025-05-01 16:24:26.411,Angry, 85.7%,Fear, 5.1%,Sad, 4.1%
2025-05-01 16:24:26.476,Angry, 85.6%,Happy, 5.0%,Sad, 3.0%
2025-05-01 16:24:26.545,Angry, 85.0%,Sad, 5.3%,Happy, 5.3%
2025-05-01 16:24:26.613,Angry, 72.7%,Fear, 10.2%,Sad, 9.8%
2025-05-01 16:24:26.712,Sad, 48.6%,Angry, 42.1%,Fear, 6.3%
2025-05-01 16:24:26.780,Sad, 45.0%,Fear, 30.1%,Angry, 22.2%
2025-05-01 16:24:26.879,Sad, 97.0%,Fear, 1.7%,Happy, 0.8%
2025-05-01 16:24:26.943,Sad, 98.9%,Happy, 0.8%,Fear, 0.2%
2025-05-01 16:24:27.043,Sad, 98.6%,Happy, 1.2%,Fear, 0.1%
2025-05-01 16:24:27.112,Sad, 99.0%,Happy, 0.8%,Angry, 0.1%
2025-05-01 16:24:27.209,Sad, 99.2%,Happy, 0.7%,Angry, 0.1%
2025-05-01 16:24:27.275,Sad, 97.8%,Happy, 2.0%,Fear, 0.1%
2025-05-01 16:24:27.376,Sad, 99.7%,Happy, 0.2%,Fear, 0.1%
2025-05-01 16:24:27.477,Sad, 99.2%,Happy, 0.4%,Fear, 0.2%
2025-05-01 16:24:27.543,Happy, 42.3%,Sad, 36.9%,Angry, 19.3%
2025-05-01 16:24:27.662,Sad, 79.8%,Happy, 13.4%,Angry, 6.0%
2025-05-01 16:24:27.711,Sad, 95.1%,Happy, 4.6%,Fear, 0.1%
2025-05-01 16:24:27.810,Sad, 91.7%,Happy, 4.7%,Angry, 2.1%
2025-05-01 16:24:27.875,Sad, 81.8%,Fear, 7.5%,Angry, 7.3%
2025-05-01 16:24:27.976,Sad, 40.4%,Fear, 31.3%,Angry, 16.3%
2025-05-01 16:24:28.046,Sad, 30.8%,Fear, 23.6%,Happy, 19.0%
2025-05-01 16:24:28.142,Fear, 39.6%,Happy, 35.9%,Sad, 9.8%
2025-05-01 16:24:28.209,Disgust, 75.2%,Angry, 14.5%,Fear, 9.0%
2025-05-01 16:24:28.310,Angry, 81.6%,Disgust, 15.6%,Fear, 2.1%
2025-05-01 16:24:28.378,Fear, 53.2%,Angry, 25.4%,Sad, 11.0%
2025-05-01 16:24:28.445,Angry, 62.0%,Happy, 12.7%,Fear, 10.4%
2025-05-01 16:24:28.545,Sad, 71.5%,Fear, 11.6%,Happy, 9.8%
2025-05-01 16:24:28.611,Sad, 68.8%,Happy, 25.1%,Angry, 3.0%
2025-05-01 16:24:28.714,Happy, 58.7%,Sad, 39.5%,Angry, 0.9%
2025-05-01 16:24:28.778,Sad, 84.4%,Happy, 15.3%,Neutral, 0.1%
2025-05-01 16:24:28.879,Sad, 55.9%,Happy, 42.9%,Neutral, 0.5%
2025-05-01 16:24:28.944,Happy, 51.3%,Sad, 47.9%,Neutral, 0.5%
2025-05-01 16:24:29.043,Sad, 87.4%,Happy, 12.4%,Neutral, 0.1%
2025-05-01 16:24:29.110,Sad, 94.5%,Happy, 5.4%,Neutral, 0.0%
2025-05-01 16:24:29.209,Sad, 92.6%,Happy, 7.1%,Angry, 0.1%
2025-05-01 16:24:29.273,Sad, 96.9%,Happy, 3.0%,Angry, 0.0%
2025-05-01 16:24:29.342,Sad, 95.4%,Happy, 4.5%,Surprise, 0.0%
2025-05-01 16:24:29.407,Sad, 85.9%,Happy, 14.0%,Angry, 0.0%
2025-05-01 16:24:29.474,Happy, 76.3%,Sad, 23.4%,Angry, 0.3%
2025-05-01 16:24:29.575,Sad, 90.8%,Happy, 8.9%,Angry, 0.1%
2025-05-01 16:24:29.640,Sad, 82.8%,Happy, 16.7%,Angry, 0.3%
2025-05-01 16:24:29.711,Sad, 79.5%,Happy, 20.3%,Neutral, 0.1%
2025-05-01 16:24:29.775,Sad, 91.4%,Happy, 8.4%,Angry, 0.1%
2025-05-01 16:24:29.874,Sad, 83.1%,Happy, 16.7%,Angry, 0.1%
2025-05-01 16:24:29.940,Sad, 74.2%,Happy, 25.5%,Angry, 0.1%
2025-05-01 16:24:30.012,Sad, 88.1%,Happy, 11.6%,Angry, 0.1%
2025-05-01 16:24:30.074,Sad, 96.9%,Happy, 2.9%,Angry, 0.1%
2025-05-01 16:24:30.174,Sad, 95.6%,Happy, 4.3%,Surprise, 0.0%
2025-05-01 16:24:30.240,Sad, 96.6%,Happy, 3.3%,Surprise, 0.0%
2025-05-01 16:24:30.340,Sad, 96.8%,Happy, 3.0%,Angry, 0.1%
2025-05-01 16:24:30.406,Sad, 89.2%,Happy, 10.6%,Angry, 0.1%
2025-05-01 16:24:30.508,Sad, 86.2%,Happy, 13.5%,Neutral, 0.1%
2025-05-01 16:24:30.609,Sad, 98.9%,Happy, 1.0%,Surprise, 0.0%
2025-05-01 16:24:30.673,Sad, 94.0%,Happy, 5.3%,Neutral, 0.4%
2025-05-01 16:24:30.742,Sad, 94.8%,Happy, 3.8%,Neutral, 0.9%
2025-05-01 16:24:30.806,Sad, 62.2%,Happy, 25.4%,Angry, 5.5%
2025-05-01 16:24:30.882,Sad, 56.7%,Neutral, 34.0%,Happy, 3.3%
2025-05-01 16:24:30.941,Sad, 62.8%,Fear, 21.8%,Neutral, 8.0%
2025-05-01 16:24:31.041,Sad, 94.3%,Happy, 4.7%,Fear, 0.3%
2025-05-01 16:24:31.107,Sad, 92.8%,Happy, 3.1%,Fear, 2.1%
2025-05-01 16:24:31.173,Sad, 71.1%,Happy, 25.1%,Fear, 2.0%
2025-05-01 16:24:31.239,Sad, 82.8%,Happy, 7.7%,Fear, 5.0%
2025-05-01 16:24:31.308,Sad, 99.6%,Fear, 0.2%,Surprise, 0.1%
2025-05-01 16:24:31.373,Sad, 99.6%,Fear, 0.1%,Happy, 0.1%
2025-05-01 16:24:31.441,Sad, 98.2%,Fear, 0.6%,Angry, 0.5%
2025-05-01 16:24:31.506,Sad, 99.1%,Surprise, 0.2%,Angry, 0.2%
2025-05-01 16:24:31.572,Sad, 98.9%,Fear, 0.4%,Surprise, 0.3%
2025-05-01 16:24:31.640,Sad, 99.5%,Fear, 0.2%,Surprise, 0.2%
2025-05-01 16:24:31.706,Sad, 99.5%,Fear, 0.2%,Surprise, 0.2%
2025-05-01 16:24:31.774,Sad, 99.6%,Surprise, 0.2%,Fear, 0.1%
2025-05-01 16:24:31.839,Sad, 99.1%,Fear, 0.4%,Surprise, 0.4%
2025-05-01 16:24:31.908,Sad, 97.0%,Fear, 1.3%,Surprise, 1.2%
2025-05-01 16:24:31.972,Sad, 98.7%,Surprise, 0.5%,Fear, 0.5%
2025-05-01 16:24:32.039,Sad, 99.4%,Surprise, 0.3%,Fear, 0.2%
2025-05-01 16:24:32.106,Sad, 98.7%,Fear, 0.5%,Surprise, 0.5%
2025-05-01 16:24:32.173,Sad, 99.8%,Fear, 0.1%,Surprise, 0.1%
2025-05-01 16:24:32.243,Sad, 99.4%,Surprise, 0.2%,Fear, 0.2%
2025-05-01 16:24:32.340,Sad, 98.2%,Surprise, 0.8%,Fear, 0.6%
2025-05-01 16:24:32.421,Sad, 89.4%,Fear, 5.3%,Surprise, 3.8%
2025-05-01 16:24:32.506,Sad, 98.8%,Fear, 0.5%,Surprise, 0.4%
2025-05-01 16:24:32.572,Sad, 99.0%,Surprise, 0.4%,Fear, 0.4%
2025-05-01 16:24:32.639,Sad, 99.3%,Surprise, 0.3%,Fear, 0.3%
2025-05-01 16:24:32.707,Sad, 98.8%,Surprise, 0.5%,Fear, 0.4%
2025-05-01 16:24:32.772,Sad, 99.3%,Fear, 0.4%,Surprise, 0.3%
2025-05-01 16:24:32.840,Sad, 99.1%,Fear, 0.4%,Surprise, 0.4%
2025-05-01 16:24:32.905,Sad, 98.9%,Fear, 0.5%,Surprise, 0.5%
2025-05-01 16:24:32.972,Sad, 99.3%,Surprise, 0.3%,Fear, 0.2%
2025-05-01 16:24:33.039,Sad, 99.2%,Surprise, 0.4%,Fear, 0.3%
2025-05-01 16:24:33.140,Sad, 97.2%,Fear, 1.2%,Surprise, 1.1%
2025-05-01 16:24:33.205,Sad, 98.1%,Fear, 1.1%,Surprise, 0.6%
2025-05-01 16:24:33.272,Sad, 98.1%,Fear, 0.9%,Surprise, 0.7%
2025-05-01 16:24:33.338,Sad, 98.5%,Fear, 0.7%,Surprise, 0.6%
2025-05-01 16:24:33.407,Sad, 98.8%,Fear, 0.5%,Surprise, 0.5%
2025-05-01 16:24:33.472,Sad, 99.2%,Surprise, 0.4%,Fear, 0.3%
2025-05-01 16:24:33.541,Sad, 99.0%,Surprise, 0.5%,Fear, 0.4%
2025-05-01 16:24:33.605,Sad, 99.6%,Surprise, 0.2%,Fear, 0.2%
2025-05-01 16:24:33.673,Sad, 99.9%,Neutral, 0.0%,Fear, 0.0%
2025-05-01 16:24:33.774,Sad, 51.1%,Neutral, 48.7%,Happy, 0.1%
2025-05-01 16:24:33.839,Sad, 55.9%,Neutral, 43.9%,Fear, 0.1%
2025-05-01 16:24:33.938,Sad, 53.5%,Neutral, 46.3%,Happy, 0.1%
2025-05-01 16:24:34.007,Sad, 94.8%,Neutral, 5.0%,Fear, 0.1%
2025-05-01 16:24:34.107,Sad, 66.8%,Neutral, 33.0%,Fear, 0.1%
2025-05-01 16:24:34.172,Sad, 86.4%,Neutral, 13.3%,Fear, 0.2%
2025-05-01 16:24:34.240,Sad, 98.0%,Neutral, 1.9%,Fear, 0.1%
2025-05-01 16:24:34.305,Sad, 95.4%,Neutral, 4.5%,Fear, 0.1%
2025-05-01 16:24:34.405,Sad, 98.9%,Neutral, 0.8%,Fear, 0.2%
2025-05-01 16:24:34.474,Sad, 99.0%,Neutral, 0.9%,Fear, 0.1%
2025-05-01 16:24:34.573,Sad, 96.1%,Neutral, 3.7%,Fear, 0.2%
2025-05-01 16:24:34.639,Sad, 99.6%,Neutral, 0.3%,Fear, 0.0%
2025-05-01 16:24:34.707,Sad, 87.2%,Neutral, 12.2%,Fear, 0.5%
2025-05-01 16:24:34.806,Sad, 98.8%,Neutral, 1.0%,Fear, 0.1%
2025-05-01 16:24:34.872,Sad, 98.9%,Neutral, 0.7%,Fear, 0.3%
2025-05-01 16:24:34.973,Sad, 99.7%,Neutral, 0.1%,Fear, 0.1%
2025-05-01 16:24:35.040,Sad, 99.3%,Fear, 0.4%,Surprise, 0.2%
2025-05-01 16:24:35.138,Sad, 97.7%,Surprise, 1.1%,Fear, 0.7%
2025-05-01 16:24:35.205,Sad, 98.1%,Surprise, 0.9%,Fear, 0.6%
2025-05-01 16:24:35.305,Sad, 99.5%,Fear, 0.3%,Surprise, 0.1%
2025-05-01 16:24:35.372,Sad, 98.9%,Fear, 0.5%,Surprise, 0.5%
2025-05-01 16:24:35.471,Sad, 98.0%,Surprise, 1.1%,Fear, 0.6%
2025-05-01 16:24:35.538,Sad, 98.5%,Surprise, 0.7%,Fear, 0.5%
2025-05-01 16:24:35.640,Sad, 98.3%,Surprise, 0.8%,Fear, 0.6%
2025-05-01 16:24:35.705,Sad, 99.7%,Fear, 0.2%,Surprise, 0.1%
2025-05-01 16:24:35.771,Sad, 99.7%,Fear, 0.2%,Surprise, 0.1%
2025-05-01 16:24:35.873,Sad, 99.1%,Surprise, 0.4%,Fear, 0.3%
2025-05-01 16:24:35.938,Sad, 98.5%,Surprise, 0.7%,Fear, 0.6%
2025-05-01 16:24:36.037,Sad, 96.8%,Surprise, 1.5%,Fear, 1.4%
2025-05-01 16:24:36.107,Sad, 98.9%,Surprise, 0.5%,Fear, 0.5%
2025-05-01 16:24:36.206,Sad, 97.5%,Surprise, 1.2%,Fear, 1.1%
2025-05-01 16:24:36.270,Sad, 99.5%,Fear, 0.2%,Surprise, 0.2%
2025-05-01 16:24:36.340,Sad, 98.6%,Surprise, 0.7%,Fear, 0.5%
2025-05-01 16:24:36.404,Sad, 99.4%,Surprise, 0.2%,Fear, 0.2%
2025-05-01 16:24:36.504,Sad, 98.1%,Surprise, 0.8%,Fear, 0.7%
2025-05-01 16:24:36.573,Sad, 98.5%,Surprise, 0.7%,Fear, 0.6%
2025-05-01 16:24:36.672,Sad, 98.9%,Fear, 0.5%,Surprise, 0.5%
2025-05-01 16:24:36.738,Sad, 99.2%,Fear, 0.3%,Surprise, 0.3%
2025-05-01 16:24:36.807,Sad, 99.1%,Fear, 0.4%,Surprise, 0.4%
2025-05-01 16:24:36.906,Sad, 99.7%,Fear, 0.1%,Surprise, 0.1%
2025-05-01 16:24:36.971,Sad, 99.9%,Fear, 0.0%,Surprise, 0.0%
2025-05-01 16:24:37.039,Sad, 97.4%,Happy, 2.5%,Fear, 0.0%
2025-05-01 16:24:37.104,Happy, 99.9%,Sad, 0.1%,Angry, 0.0%
2025-05-01 16:24:37.204,Happy, 100.0%,Sad, 0.0%,Neutral, 0.0%
2025-05-01 16:24:37.272,Happy, 100.0%,Sad, 0.0%,Neutral, 0.0%
2025-05-01 16:24:37.372,Happy, 99.9%,Sad, 0.1%,Neutral, 0.0%
2025-05-01 16:24:37.437,Happy, 99.4%,Sad, 0.6%,Neutral, 0.0%
2025-05-01 16:24:37.506,Happy, 97.4%,Sad, 2.6%,Neutral, 0.0%
2025-05-01 16:24:37.571,Happy, 98.4%,Sad, 1.6%,Neutral, 0.0%
2025-05-01 16:24:37.671,Happy, 98.1%,Sad, 1.9%,Neutral, 0.0%
2025-05-01 16:24:37.739,Happy, 99.5%,Sad, 0.5%,Neutral, 0.0%
2025-05-01 16:24:37.838,Happy, 98.2%,Sad, 1.8%,Neutral, 0.0%
2025-05-01 16:24:37.936,Happy, 92.6%,Sad, 7.4%,Neutral, 0.0%
2025-05-01 16:24:38.003,Happy, 95.7%,Sad, 4.3%,Neutral, 0.0%
2025-05-01 16:24:38.072,Happy, 94.9%,Sad, 5.1%,Neutral, 0.0%
2025-05-01 16:24:38.137,Happy, 97.3%,Sad, 2.7%,Neutral, 0.0%
2025-05-01 16:24:38.205,Happy, 97.7%,Sad, 2.3%,Neutral, 0.0%
2025-05-01 16:24:38.270,Happy, 95.7%,Sad, 4.3%,Neutral, 0.0%
2025-05-01 16:24:38.371,Happy, 69.9%,Sad, 30.0%,Neutral, 0.0%
2025-05-01 16:24:38.439,Happy, 81.3%,Sad, 18.6%,Neutral, 0.1%
2025-05-01 16:24:38.538,Happy, 99.8%,Sad, 0.2%,Neutral, 0.0%
2025-05-01 16:24:38.603,Happy, 100.0%,Sad, 0.0%,Angry, 0.0%
2025-05-01 16:24:38.672,Happy, 100.0%,Sad, 0.0%,Angry, 0.0%
2025-05-01 16:24:38.736,Happy, 100.0%,Sad, 0.0%,Angry, 0.0%
2025-05-01 16:24:38.837,Happy, 100.0%,Sad, 0.0%,Angry, 0.0%
2025-05-01 16:24:38.906,Happy, 99.9%,Sad, 0.1%,Neutral, 0.0%
2025-05-01 16:24:39.004,Happy, 99.9%,Sad, 0.1%,Neutral, 0.0%
2025-05-01 16:24:39.070,Happy, 88.3%,Sad, 11.7%,Neutral, 0.1%
2025-05-01 16:24:39.139,Happy, 99.4%,Sad, 0.6%,Neutral, 0.0%
2025-05-01 16:24:39.203,Happy, 98.3%,Sad, 1.6%,Neutral, 0.1%
2025-05-01 16:24:39.303,Happy, 100.0%,Sad, 0.0%,Angry, 0.0%
2025-05-01 16:24:39.371,Happy, 99.9%,Sad, 0.1%,Angry, 0.0%
2025-05-01 16:24:39.471,Happy, 99.9%,Sad, 0.1%,Angry, 0.0%
2025-05-01 16:24:39.537,Happy, 99.8%,Sad, 0.2%,Neutral, 0.0%
2025-05-01 16:24:39.669,Neutral, 99.2%,Fear, 0.7%,Happy, 0.1%
2025-05-01 16:24:39.736,Neutral, 74.1%,Fear, 25.5%,Happy, 0.3%
2025-05-01 16:24:39.870,Neutral, 92.0%,Fear, 7.6%,Happy, 0.3%
2025-05-01 16:24:39.937,Neutral, 90.2%,Fear, 9.6%,Happy, 0.3%
2025-05-01 16:24:40.036,Neutral, 77.6%,Fear, 22.1%,Happy, 0.3%
2025-05-01 16:24:40.104,Neutral, 78.5%,Fear, 21.2%,Happy, 0.3%
2025-05-01 16:24:40.171,Neutral, 74.2%,Fear, 25.4%,Happy, 0.4%
2025-05-01 16:24:40.236,Neutral, 93.1%,Fear, 6.6%,Happy, 0.1%
2025-05-01 16:24:40.306,Neutral, 99.1%,Fear, 0.5%,Happy, 0.4%
2025-05-01 16:24:40.370,Neutral, 99.7%,Fear, 0.2%,Happy, 0.1%
2025-05-01 16:24:40.469,Neutral, 62.4%,Fear, 36.0%,Happy, 1.6%
2025-05-01 16:24:40.538,Neutral, 80.2%,Fear, 17.5%,Happy, 2.3%
2025-05-01 16:24:40.637,Neutral, 91.7%,Fear, 7.7%,Happy, 0.5%
2025-05-01 16:24:40.771,Neutral, 99.8%,Fear, 0.2%,Happy, 0.0%
2025-05-01 16:24:40.836,Neutral, 98.0%,Fear, 2.0%,Happy, 0.1%
2025-05-01 16:24:40.936,Neutral, 99.1%,Fear, 0.7%,Happy, 0.1%
2025-05-01 16:24:41.004,Neutral, 97.2%,Fear, 1.5%,Happy, 1.3%
2025-05-01 16:24:41.104,Neutral, 66.5%,Fear, 26.8%,Happy, 5.7%
2025-05-01 16:24:41.169,Neutral, 59.2%,Fear, 21.0%,Happy, 18.0%
2025-05-01 16:24:41.238,Neutral, 99.2%,Fear, 0.7%,Happy, 0.2%
2025-05-01 16:24:41.302,Neutral, 51.6%,Fear, 41.6%,Angry, 3.6%
2025-05-01 16:24:41.436,Neutral, 46.2%,Fear, 32.4%,Angry, 18.2%
2025-05-01 16:24:41.536,Fear, 39.8%,Happy, 37.2%,Neutral, 16.5%
2025-05-01 16:24:41.603,Neutral, 64.8%,Fear, 29.6%,Happy, 2.8%
2025-05-01 16:24:41.705,Happy, 90.0%,Neutral, 6.1%,Fear, 2.6%
2025-05-01 16:24:41.770,Happy, 39.3%,Neutral, 37.0%,Fear, 21.9%
2025-05-01 16:24:41.870,Happy, 54.3%,Neutral, 34.4%,Fear, 10.6%
2025-05-01 16:24:41.939,Neutral, 38.7%,Fear, 31.4%,Happy, 28.7%
2025-05-01 16:24:42.038,Fear, 37.0%,Happy, 33.9%,Neutral, 27.4%
2025-05-01 16:24:42.136,Neutral, 81.3%,Fear, 13.6%,Happy, 4.7%
2025-05-01 16:24:42.203,Fear, 91.2%,Angry, 5.1%,Happy, 2.8%
2025-05-01 16:24:42.303,Happy, 64.4%,Neutral, 26.3%,Fear, 9.1%
2025-05-01 16:24:42.370,Neutral, 59.0%,Happy, 27.9%,Fear, 12.7%
2025-05-01 16:24:42.470,Neutral, 48.8%,Fear, 31.6%,Happy, 18.6%
2025-05-01 16:24:42.537,Fear, 34.3%,Happy, 32.7%,Neutral, 32.0%
2025-05-01 16:24:42.638,Neutral, 42.8%,Happy, 32.8%,Fear, 23.8%
2025-05-01 16:24:42.703,Neutral, 48.1%,Fear, 38.7%,Happy, 12.9%
2025-05-01 16:24:42.803,Neutral, 82.9%,Happy, 13.3%,Fear, 3.2%
2025-05-01 16:24:42.871,Happy, 90.5%,Neutral, 6.5%,Sad, 2.8%
2025-05-01 16:24:42.971,Happy, 91.4%,Sad, 8.6%,Neutral, 0.0%
2025-05-01 16:24:43.037,Happy, 100.0%,Sad, 0.0%,Angry, 0.0%
2025-05-01 16:24:43.104,Happy, 99.7%,Sad, 0.3%,Angry, 0.0%
2025-05-01 16:24:43.204,Happy, 100.0%,Sad, 0.0%,Angry, 0.0%
2025-05-01 16:24:43.269,Happy, 99.7%,Sad, 0.3%,Neutral, 0.0%
2025-05-01 16:24:43.369,Happy, 99.9%,Sad, 0.1%,Neutral, 0.0%
2025-05-01 16:24:43.437,Happy, 99.3%,Sad, 0.6%,Neutral, 0.0%
2025-05-01 16:24:43.536,Happy, 98.9%,Sad, 1.1%,Angry, 0.0%
2025-05-01 16:24:43.602,Happy, 94.2%,Sad, 5.8%,Neutral, 0.0%
2025-05-01 16:24:43.670,Sad, 95.3%,Happy, 4.5%,Neutral, 0.1%
2025-05-01 16:24:43.736,Sad, 80.4%,Happy, 19.5%,Neutral, 0.0%
2025-05-01 16:24:43.836,Happy, 98.9%,Sad, 1.1%,Angry, 0.0%
2025-05-01 16:24:43.903,Happy, 99.9%,Sad, 0.1%,Neutral, 0.0%
2025-05-01 16:24:44.002,Happy, 100.0%,Sad, 0.0%,Angry, 0.0%
2025-05-01 16:24:44.068,Sad, 95.5%,Happy, 3.1%,Angry, 0.8%
2025-05-01 16:24:44.137,Sad, 91.0%,Happy, 7.9%,Angry, 0.7%
2025-05-01 16:24:44.235,Sad, 99.0%,Happy, 0.6%,Surprise, 0.2%
2025-05-01 16:24:44.302,Sad, 98.4%,Happy, 0.9%,Surprise, 0.4%
2025-05-01 16:24:44.370,Sad, 98.8%,Happy, 0.7%,Surprise, 0.2%
2025-05-01 16:24:44.435,Sad, 99.0%,Happy, 0.5%,Surprise, 0.3%
2025-05-01 16:24:44.535,Sad, 99.4%,Surprise, 0.3%,Fear, 0.2%
2025-05-01 16:24:44.602,Sad, 97.8%,Surprise, 1.3%,Fear, 0.6%
2025-05-01 16:24:44.701,Sad, 94.7%,Surprise, 2.1%,Fear, 2.0%
2025-05-01 16:24:44.768,Sad, 90.9%,Surprise, 3.6%,Angry, 3.2%
2025-05-01 16:24:44.836,Sad, 91.6%,Surprise, 5.1%,Angry, 1.7%
2025-05-01 16:24:44.902,Sad, 91.9%,Surprise, 4.1%,Angry, 2.3%
2025-05-01 16:24:45.001,Sad, 97.5%,Surprise, 1.4%,Angry, 0.5%
2025-05-01 16:24:45.069,Sad, 99.7%,Surprise, 0.2%,Fear, 0.1%
2025-05-01 16:24:45.168,Sad, 99.0%,Surprise, 0.6%,Fear, 0.2%
2025-05-01 16:24:45.267,Sad, 99.6%,Surprise, 0.2%,Fear, 0.1%
2025-05-05 09:25:09.122,Sad, 93.3%,Angry, 3.7%,Surprise, 2.4%
2025-05-05 09:25:09.245,Sad, 76.9%,Angry, 17.4%,Surprise, 4.6%
2025-05-05 09:25:09.310,Sad, 69.4%,Angry, 23.0%,Surprise, 6.8%
2025-05-05 09:25:09.445,Sad, 96.7%,Angry, 1.9%,Surprise, 0.8%
2025-05-05 09:25:09.545,Angry, 92.3%,Fear, 7.1%,Neutral, 0.2%
2025-05-05 09:25:09.554,Sad, 89.6%,Angry, 8.0%,Happy, 1.2%
2025-05-05 09:25:09.644,Sad, 98.5%,Angry, 0.7%,Fear, 0.4%
2025-05-05 09:25:09.745,Sad, 92.4%,Happy, 6.8%,Angry, 0.6%
2025-05-05 09:25:09.812,Surprise, 50.1%,Angry, 28.1%,Sad, 9.7%
2025-05-05 09:25:09.817,Angry, 87.0%,Fear, 11.2%,Neutral, 1.0%
2025-05-05 09:25:09.825,Sad, 99.4%,Fear, 0.4%,Happy, 0.1%
2025-05-05 09:25:09.912,Angry, 45.9%,Surprise, 37.8%,Fear, 13.5%
2025-05-05 09:25:09.918,Sad, 97.6%,Angry, 0.9%,Happy, 0.7%
2025-05-05 09:25:10.049,Angry, 90.8%,Fear, 7.5%,Neutral, 0.8%
2025-05-05 09:25:10.147,Angry, 95.8%,Fear, 3.8%,Neutral, 0.2%
2025-05-05 09:25:10.157,Sad, 97.2%,Angry, 1.3%,Fear, 1.0%
2025-05-05 09:25:10.246,Angry, 87.3%,Fear, 11.3%,Neutral, 1.1%
2025-05-05 09:25:10.345,Angry, 98.0%,Fear, 1.9%,Neutral, 0.1%
2025-05-05 09:25:10.443,Angry, 96.1%,Fear, 3.6%,Neutral, 0.2%
2025-05-05 09:25:10.544,Surprise, 43.6%,Angry, 27.2%,Fear, 27.0%
2025-05-05 09:25:10.552,Angry, 96.8%,Fear, 3.0%,Happy, 0.1%
2025-05-05 09:25:10.641,Surprise, 59.6%,Fear, 19.4%,Sad, 19.3%
2025-05-05 09:25:10.649,Angry, 97.1%,Fear, 2.8%,Neutral, 0.1%
2025-05-05 09:25:10.750,Angry, 95.0%,Fear, 4.7%,Neutral, 0.2%
2025-05-05 09:25:10.760,Sad, 93.2%,Angry, 4.7%,Surprise, 0.8%
2025-05-05 09:25:10.849,Angry, 65.2%,Surprise, 21.3%,Fear, 10.9%
2025-05-05 09:25:10.855,Angry, 96.4%,Fear, 3.2%,Neutral, 0.2%
2025-05-05 09:25:10.863,Sad, 99.2%,Angry, 0.3%,Fear, 0.3%
2025-05-05 09:25:10.944,Angry, 93.0%,Fear, 5.8%,Neutral, 0.9%
2025-05-05 09:25:11.011,Surprise, 51.7%,Angry, 41.9%,Fear, 5.0%
2025-05-05 09:25:11.117,Angry, 98.3%,Fear, 1.5%,Neutral, 0.2%
2025-05-05 09:25:11.212,Angry, 98.7%,Fear, 1.2%,Neutral, 0.0%
2025-05-05 09:25:11.316,Angry, 96.1%,Fear, 3.6%,Neutral, 0.2%
2025-05-05 09:25:11.410,Angry, 79.4%,Fear, 18.3%,Neutral, 1.9%
2025-05-05 09:25:11.418,Angry, 81.2%,Fear, 11.9%,Surprise, 3.6%
2025-05-05 09:25:11.508,Angry, 91.8%,Fear, 7.0%,Neutral, 0.9%
2025-05-05 09:25:11.515,Surprise, 97.9%,Fear, 1.0%,Angry, 0.6%
2025-05-05 09:25:11.608,Fear, 60.8%,Angry, 21.3%,Surprise, 7.8%
2025-05-05 09:25:11.711,Fear, 40.2%,Sad, 24.9%,Happy, 20.8%
2025-05-05 09:25:11.811,Surprise, 51.4%,Angry, 43.3%,Fear, 4.1%
2025-05-05 09:25:11.819,Angry, 97.2%,Fear, 2.5%,Neutral, 0.1%
2025-05-05 09:25:11.878,Angry, 46.6%,Surprise, 40.9%,Fear, 7.7%
2025-05-05 09:25:11.884,Angry, 91.5%,Fear, 7.4%,Neutral, 0.8%
2025-05-05 09:25:11.978,Angry, 98.6%,Fear, 1.3%,Neutral, 0.0%
2025-05-05 09:25:11.987,Sad, 86.6%,Angry, 7.4%,Fear, 3.2%
2025-05-05 09:25:12.043,Angry, 86.2%,Fear, 11.7%,Neutral, 1.0%
2025-05-05 09:25:12.143,Angry, 89.8%,Fear, 9.3%,Neutral, 0.4%
2025-05-05 09:25:12.149,Sad, 80.2%,Fear, 17.9%,Surprise, 1.4%
2025-05-05 09:25:12.207,Surprise, 61.1%,Angry, 19.3%,Fear, 17.7%
2025-05-05 09:25:12.213,Angry, 97.9%,Fear, 1.8%,Neutral, 0.2%
2025-05-05 09:25:12.220,Sad, 93.0%,Fear, 4.7%,Angry, 1.1%
2025-05-05 09:25:12.309,Sad, 64.3%,Angry, 15.6%,Fear, 10.6%
2025-05-05 09:25:12.315,Angry, 98.4%,Fear, 1.5%,Neutral, 0.1%
2025-05-05 09:25:12.412,Angry, 97.7%,Fear, 2.1%,Neutral, 0.1%
2025-05-05 09:25:12.508,Angry, 98.7%,Fear, 1.3%,Neutral, 0.0%
2025-05-05 09:25:12.610,Angry, 98.9%,Fear, 1.1%,Neutral, 0.0%
2025-05-05 09:25:12.708,Angry, 47.0%,Surprise, 41.6%,Fear, 9.9%
2025-05-05 09:25:12.716,Angry, 93.0%,Fear, 6.0%,Neutral, 0.8%
2025-05-05 09:25:12.809,Angry, 99.2%,Fear, 0.8%,Neutral, 0.0%
2025-05-05 09:25:12.819,Sad, 92.7%,Angry, 4.3%,Surprise, 1.6%
2025-05-05 09:25:12.908,Angry, 98.3%,Fear, 1.6%,Neutral, 0.1%
2025-05-05 09:25:12.915,Sad, 85.7%,Happy, 13.2%,Angry, 0.9%
2025-05-05 09:25:13.008,Angry, 98.5%,Fear, 1.4%,Neutral, 0.0%
2025-05-05 09:25:13.019,Sad, 95.1%,Fear, 2.9%,Angry, 1.4%
2025-05-05 09:25:13.076,Angry, 98.8%,Fear, 1.1%,Neutral, 0.0%
2025-05-05 09:25:13.175,Angry, 57.3%,Surprise, 26.4%,Fear, 15.4%
2025-05-05 09:25:13.182,Angry, 98.7%,Fear, 1.3%,Neutral, 0.0%
2025-05-05 09:25:13.275,Angry, 99.2%,Fear, 0.7%,Neutral, 0.0%
2025-05-05 09:25:13.344,Angry, 96.9%,Fear, 2.8%,Neutral, 0.2%
2025-05-05 09:25:13.441,Angry, 97.4%,Fear, 2.4%,Neutral, 0.1%
2025-05-05 09:25:13.544,Angry, 97.4%,Fear, 2.5%,Neutral, 0.1%
2025-05-05 09:25:13.742,Angry, 98.9%,Fear, 1.1%,Neutral, 0.0%
2025-05-05 09:25:13.808,Angry, 98.3%,Fear, 1.6%,Neutral, 0.0%
2025-05-05 09:25:13.815,Sad, 87.8%,Happy, 11.9%,Angry, 0.1%
2025-05-05 09:25:13.908,Angry, 99.1%,Fear, 0.9%,Happy, 0.0%
2025-05-05 09:25:14.014,Angry, 98.6%,Fear, 1.4%,Neutral, 0.0%
2025-05-05 09:25:14.023,Sad, 51.3%,Happy, 48.2%,Neutral, 0.3%
2025-05-05 09:25:14.145,Angry, 98.2%,Fear, 1.7%,Neutral, 0.0%
2025-05-05 09:25:14.249,Angry, 98.5%,Fear, 1.4%,Neutral, 0.0%
2025-05-05 09:25:14.341,Angry, 97.9%,Fear, 2.0%,Neutral, 0.1%
2025-05-05 09:25:14.350,Sad, 98.9%,Happy, 1.1%,Fear, 0.0%
2025-05-05 09:25:14.442,Angry, 99.2%,Fear, 0.8%,Neutral, 0.0%
2025-05-05 09:25:14.540,Angry, 98.4%,Fear, 1.5%,Neutral, 0.1%
2025-05-05 09:25:14.641,Angry, 98.4%,Fear, 1.4%,Neutral, 0.1%
2025-05-05 09:25:14.743,Angry, 98.4%,Fear, 1.5%,Neutral, 0.1%
2025-05-05 09:25:14.842,Angry, 99.0%,Fear, 1.0%,Neutral, 0.0%
2025-05-05 09:25:14.942,Angry, 99.3%,Fear, 0.7%,Neutral, 0.0%
2025-05-05 09:25:15.041,Angry, 99.4%,Fear, 0.6%,Neutral, 0.0%
2025-05-05 09:25:15.142,Angry, 99.0%,Fear, 1.0%,Neutral, 0.0%
2025-05-05 09:25:15.241,Angry, 99.3%,Fear, 0.7%,Neutral, 0.0%
2025-05-05 09:25:15.252,Sad, 92.8%,Happy, 6.9%,Fear, 0.1%
2025-05-05 09:25:15.339,Angry, 98.8%,Fear, 1.2%,Neutral, 0.0%
2025-05-05 09:25:15.442,Angry, 98.7%,Fear, 1.3%,Neutral, 0.0%
2025-05-05 09:25:15.544,Angry, 97.4%,Fear, 2.5%,Neutral, 0.1%
2025-05-05 09:25:15.743,Angry, 99.5%,Fear, 0.5%,Neutral, 0.0%
2025-05-05 09:25:15.845,Angry, 99.4%,Fear, 0.6%,Neutral, 0.0%
2025-05-05 09:25:15.855,Happy, 93.3%,Sad, 6.2%,Angry, 0.3%
2025-05-05 09:25:15.944,Sad, 40.4%,Angry, 28.3%,Happy, 21.5%
2025-05-05 09:25:15.952,Angry, 99.6%,Fear, 0.4%,Neutral, 0.0%
2025-05-05 09:25:16.041,Angry, 98.2%,Fear, 1.8%,Neutral, 0.0%
2025-05-05 09:25:16.142,Angry, 98.7%,Fear, 1.2%,Neutral, 0.0%
2025-05-05 09:25:16.207,Angry, 97.9%,Fear, 2.0%,Neutral, 0.0%
2025-05-05 09:25:16.307,Angry, 98.4%,Fear, 1.5%,Neutral, 0.0%
2025-05-05 09:25:16.374,Angry, 99.2%,Fear, 0.8%,Neutral, 0.0%
2025-05-05 09:25:16.473,Surprise, 46.4%,Angry, 35.6%,Fear, 16.8%
2025-05-05 09:25:16.479,Angry, 99.1%,Fear, 0.9%,Neutral, 0.0%
2025-05-05 09:25:16.574,Angry, 97.6%,Fear, 2.1%,Neutral, 0.2%
2025-05-05 09:25:16.641,Angry, 98.0%,Fear, 1.9%,Neutral, 0.1%
2025-05-05 09:25:16.739,Surprise, 57.2%,Fear, 29.8%,Angry, 12.1%
2025-05-05 09:25:16.745,Angry, 92.0%,Fear, 7.5%,Neutral, 0.4%
2025-05-05 09:25:16.841,Angry, 99.0%,Fear, 1.0%,Neutral, 0.0%
2025-05-05 09:25:16.939,Angry, 98.9%,Fear, 1.1%,Neutral, 0.0%
2025-05-05 09:25:17.043,Angry, 48.5%,Surprise, 38.6%,Fear, 11.7%
2025-05-05 09:25:17.052,Angry, 98.5%,Fear, 1.4%,Neutral, 0.0%
2025-05-05 09:25:17.140,Angry, 46.0%,Surprise, 39.2%,Fear, 14.2%
2025-05-05 09:25:17.148,Angry, 99.0%,Fear, 1.0%,Neutral, 0.0%
2025-05-05 09:25:17.241,Angry, 98.0%,Fear, 1.9%,Neutral, 0.0%
2025-05-05 09:25:17.252,Fear, 48.9%,Angry, 23.5%,Sad, 16.8%
2025-05-05 09:25:17.342,Sad, 33.8%,Fear, 31.8%,Angry, 21.2%
2025-05-05 09:25:17.348,Angry, 97.9%,Fear, 2.0%,Neutral, 0.0%
2025-05-05 09:25:17.407,Angry, 93.7%,Fear, 5.7%,Neutral, 0.4%
2025-05-05 09:25:17.514,Sad, 96.3%,Fear, 2.4%,Angry, 0.7%
2025-05-05 09:25:17.522,Angry, 97.9%,Fear, 2.0%,Neutral, 0.0%
2025-05-05 09:25:17.572,Angry, 80.4%,Fear, 15.6%,Neutral, 2.8%
2025-05-05 09:25:17.581,Sad, 98.0%,Fear, 0.6%,Angry, 0.6%
2025-05-05 09:25:17.674,Angry, 95.0%,Fear, 4.5%,Neutral, 0.3%
2025-05-05 09:25:17.683,Surprise, 96.1%,Angry, 2.7%,Fear, 0.6%
2025-05-05 09:25:17.740,Angry, 95.1%,Fear, 4.5%,Neutral, 0.3%
2025-05-05 09:25:17.747,Surprise, 98.2%,Fear, 1.6%,Sad, 0.1%
2025-05-05 09:25:17.842,Angry, 98.0%,Fear, 1.9%,Neutral, 0.0%
2025-05-05 09:25:17.851,Sad, 73.4%,Happy, 25.6%,Surprise, 0.4%
2025-05-05 09:25:17.909,Sad, 95.1%,Happy, 3.5%,Fear, 0.8%
2025-05-05 09:25:17.918,Angry, 81.2%,Fear, 16.6%,Neutral, 1.7%
2025-05-05 09:25:17.928,Surprise, 96.8%,Fear, 2.8%,Angry, 0.2%
2025-05-05 09:25:18.009,Angry, 97.6%,Fear, 2.2%,Neutral, 0.1%
2025-05-05 09:25:18.019,Sad, 92.8%,Happy, 7.0%,Surprise, 0.1%
2025-05-05 09:25:18.105,Angry, 94.7%,Fear, 4.5%,Neutral, 0.6%
2025-05-05 09:25:18.117,Sad, 98.7%,Happy, 1.2%,Surprise, 0.1%
2025-05-05 09:25:18.210,Angry, 75.0%,Fear, 21.5%,Neutral, 2.5%
2025-05-05 09:25:18.271,Angry, 97.0%,Fear, 2.9%,Neutral, 0.1%
2025-05-05 09:25:18.373,Angry, 95.2%,Fear, 4.5%,Neutral, 0.2%
2025-05-05 09:25:18.538,Surprise, 98.3%,Angry, 1.1%,Fear, 0.4%
2025-05-05 09:25:18.545,Angry, 87.5%,Fear, 11.2%,Neutral, 0.9%
2025-05-05 09:25:18.552,Sad, 93.3%,Happy, 6.0%,Angry, 0.3%
2025-05-05 09:25:18.638,Surprise, 99.2%,Angry, 0.5%,Fear, 0.2%
2025-05-05 09:25:18.644,Angry, 92.1%,Fear, 6.6%,Neutral, 0.8%
2025-05-05 09:25:18.739,Angry, 96.5%,Fear, 3.0%,Neutral, 0.4%
2025-05-05 09:25:18.804,Angry, 96.5%,Fear, 3.4%,Neutral, 0.1%
2025-05-05 09:25:18.908,Angry, 59.9%,Surprise, 30.3%,Fear, 8.7%
2025-05-05 09:25:18.914,Angry, 96.7%,Fear, 3.0%,Neutral, 0.2%
2025-05-05 09:25:19.206,Surprise, 67.0%,Angry, 28.8%,Fear, 2.7%
2025-05-05 09:25:19.213,Sad, 95.4%,Angry, 1.9%,Surprise, 1.1%
2025-05-05 09:25:19.306,Surprise, 69.5%,Fear, 15.0%,Angry, 14.9%
2025-05-05 09:25:19.314,Sad, 98.5%,Happy, 1.0%,Angry, 0.2%
2025-05-05 09:25:19.407,Sad, 83.3%,Happy, 16.7%,Fear, 0.0%
2025-05-05 09:25:19.413,Angry, 99.3%,Fear, 0.7%,Neutral, 0.0%
2025-05-05 09:25:19.508,Sad, 97.0%,Happy, 2.1%,Angry, 0.7%
2025-05-05 09:25:19.608,Angry, 49.8%,Surprise, 44.8%,Fear, 3.3%
2025-05-05 09:25:19.617,Sad, 89.3%,Happy, 10.1%,Fear, 0.2%
2025-05-05 09:25:19.711,Sad, 97.6%,Happy, 2.3%,Fear, 0.0%
2025-05-05 09:25:19.806,Surprise, 46.3%,Angry, 40.3%,Fear, 11.5%
2025-05-05 09:25:19.814,Sad, 98.6%,Happy, 0.8%,Angry, 0.4%
2025-05-05 09:25:19.906,Angry, 97.9%,Fear, 1.9%,Neutral, 0.1%
2025-05-05 09:25:20.006,Angry, 98.5%,Fear, 1.4%,Neutral, 0.0%
2025-05-05 09:25:20.013,Sad, 44.4%,Angry, 37.0%,Fear, 15.9%
2025-05-05 09:25:20.107,Angry, 98.7%,Fear, 1.3%,Neutral, 0.0%
2025-05-05 09:25:20.113,Angry, 54.8%,Fear, 24.7%,Sad, 13.5%
2025-05-05 09:25:20.173,Angry, 73.2%,Fear, 18.1%,Sad, 3.2%
2025-05-05 09:25:20.274,Angry, 63.7%,Fear, 24.3%,Sad, 5.9%
2025-05-05 09:25:20.342,Angry, 68.3%,Fear, 17.6%,Sad, 9.7%
2025-05-05 09:25:20.442,Surprise, 52.3%,Angry, 30.8%,Fear, 15.0%
2025-05-05 09:25:20.450,Sad, 51.3%,Angry, 30.9%,Surprise, 9.0%
2025-05-05 09:25:20.540,Sad, 54.9%,Angry, 36.8%,Surprise, 6.0%
2025-05-05 09:25:20.639,Surprise, 54.0%,Angry, 33.4%,Fear, 10.7%
2025-05-05 09:25:20.646,Sad, 65.9%,Angry, 28.9%,Surprise, 3.8%
2025-05-05 09:25:20.740,Sad, 64.2%,Angry, 30.3%,Surprise, 3.5%
2025-05-05 09:25:20.807,Sad, 89.4%,Angry, 7.9%,Surprise, 1.5%
2025-05-05 09:25:20.904,Angry, 98.6%,Fear, 1.3%,Neutral, 0.0%
2025-05-05 09:25:20.911,Sad, 70.0%,Angry, 24.2%,Surprise, 3.6%
2025-05-05 09:25:21.006,Angry, 98.3%,Fear, 1.6%,Neutral, 0.0%
2025-05-05 09:25:21.014,Sad, 83.4%,Angry, 13.1%,Surprise, 2.2%
2025-05-05 09:25:21.206,Sad, 79.9%,Angry, 15.7%,Surprise, 2.8%
2025-05-05 09:25:21.276,Sad, 55.5%,Angry, 37.5%,Surprise, 4.2%
2025-05-05 09:25:21.340,Sad, 58.9%,Angry, 32.6%,Surprise, 4.8%
2025-05-05 09:25:21.409,Angry, 71.3%,Sad, 19.5%,Fear, 6.6%
2025-05-05 09:25:21.473,Fear, 75.5%,Surprise, 22.9%,Angry, 1.1%
2025-05-05 09:25:21.480,Angry, 48.4%,Sad, 35.1%,Fear, 12.7%
2025-05-05 09:25:21.537,Surprise, 54.2%,Fear, 28.3%,Angry, 16.3%
2025-05-05 09:25:21.543,Angry, 94.0%,Fear, 5.8%,Neutral, 0.1%
2025-05-05 09:25:21.549,Angry, 43.0%,Sad, 42.2%,Fear, 11.4%
2025-05-05 09:25:21.605,Sad, 54.1%,Angry, 34.6%,Surprise, 5.6%
2025-05-05 09:25:21.671,Angry, 41.4%,Fear, 31.3%,Surprise, 26.4%
2025-05-05 09:25:21.678,Angry, 47.4%,Sad, 34.7%,Fear, 12.8%
2025-05-05 09:25:21.739,Surprise, 48.1%,Fear, 41.7%,Angry, 9.8%
2025-05-05 09:25:21.746,Angry, 97.3%,Fear, 2.6%,Neutral, 0.0%
2025-05-05 09:25:21.755,Angry, 64.4%,Sad, 24.0%,Fear, 8.3%
2025-05-05 09:25:21.806,Angry, 98.8%,Fear, 1.2%,Neutral, 0.0%
2025-05-05 09:25:21.814,Angry, 47.5%,Sad, 25.2%,Fear, 23.4%
2025-05-05 09:25:21.874,Angry, 57.7%,Surprise, 26.0%,Fear, 14.1%
2025-05-05 09:25:21.885,Sad, 43.2%,Angry, 39.6%,Fear, 10.6%
2025-05-05 09:25:21.941,Angry, 40.0%,Surprise, 39.3%,Fear, 17.9%
2025-05-05 09:25:21.948,Sad, 49.0%,Angry, 31.4%,Fear, 14.4%
2025-05-05 09:25:22.006,Surprise, 69.7%,Fear, 16.1%,Angry, 11.8%
2025-05-05 09:25:22.011,Angry, 90.3%,Fear, 8.9%,Neutral, 0.4%
2025-05-05 09:25:22.019,Angry, 66.5%,Sad, 14.8%,Fear, 12.4%
2025-05-05 09:25:22.069,Angry, 95.1%,Fear, 4.0%,Neutral, 0.6%
2025-05-05 09:25:22.074,Fear, 33.2%,Sad, 25.3%,Surprise, 23.2%
2025-05-05 09:25:22.136,Angry, 80.3%,Fear, 13.0%,Neutral, 5.2%
2025-05-05 09:25:22.143,Sad, 63.6%,Angry, 23.1%,Fear, 5.6%
2025-05-05 09:25:22.208,Fear, 60.0%,Angry, 26.7%,Neutral, 8.4%
2025-05-05 09:25:22.273,Sad, 66.8%,Angry, 23.9%,Surprise, 5.1%
2025-05-05 09:25:22.337,Sad, 74.8%,Fear, 10.9%,Angry, 6.9%
2025-05-05 09:25:22.406,Angry, 94.2%,Fear, 5.6%,Neutral, 0.1%
2025-05-05 09:25:22.413,Sad, 64.3%,Angry, 19.0%,Surprise, 9.3%
2025-05-05 09:25:22.474,Surprise, 83.7%,Fear, 10.4%,Angry, 4.7%
2025-05-05 09:25:22.482,Sad, 54.5%,Angry, 24.2%,Surprise, 16.1%
2025-05-05 09:25:22.491,Surprise, 52.6%,Fear, 33.5%,Angry, 6.7%
2025-05-05 09:25:22.537,Angry, 95.6%,Fear, 4.1%,Neutral, 0.2%
2025-05-05 09:25:22.542,Fear, 47.9%,Surprise, 41.4%,Angry, 6.0%
2025-05-05 09:25:22.550,Surprise, 40.7%,Fear, 29.8%,Sad, 17.1%
2025-05-05 09:25:22.606,Surprise, 44.8%,Sad, 29.6%,Fear, 21.5%
2025-05-05 09:25:22.676,Surprise, 55.6%,Sad, 23.9%,Fear, 11.7%
2025-05-05 09:32:06.269,Angry, 48.0%,Surprise, 47.7%,Fear, 3.1%
2025-05-05 09:32:06.363,Angry, 46.8%,Surprise, 40.3%,Happy, 3.9%
2025-05-05 09:32:06.369,Angry, 79.3%,Fear, 17.7%,Neutral, 1.5%
2025-05-05 09:32:06.493,Surprise, 70.8%,Angry, 26.4%,Fear, 1.9%
2025-05-05 09:32:06.559,Surprise, 77.1%,Angry, 19.6%,Happy, 1.3%
2025-05-05 09:32:06.624,Surprise, 75.9%,Angry, 21.0%,Happy, 1.2%
2025-05-05 09:32:06.693,Surprise, 80.6%,Angry, 16.7%,Fear, 0.9%
2025-05-05 09:32:06.824,Surprise, 51.9%,Angry, 27.4%,Fear, 13.3%
2025-05-05 09:32:06.957,Surprise, 83.4%,Angry, 15.3%,Fear, 0.7%
2025-05-05 09:32:07.025,Surprise, 65.0%,Angry, 32.0%,Fear, 2.3%
2025-05-05 09:32:07.090,Surprise, 75.0%,Angry, 23.1%,Fear, 1.1%
2025-05-05 09:32:07.158,Surprise, 47.4%,Angry, 46.4%,Fear, 4.9%
2025-05-05 09:32:07.330,Sad, 60.9%,Angry, 18.4%,Fear, 10.2%
2025-05-05 09:32:07.430,Angry, 72.0%,Surprise, 19.6%,Fear, 7.1%
2025-05-05 09:32:07.525,Surprise, 81.4%,Fear, 8.7%,Sad, 5.5%
2025-05-05 09:32:07.692,Surprise, 91.5%,Angry, 6.5%,Happy, 1.0%
2025-05-05 09:32:07.791,Surprise, 41.5%,Angry, 26.1%,Happy, 19.2%
2025-05-05 09:32:10.788,Sad, 97.6%,Surprise, 0.9%,Angry, 0.6%
2025-05-05 09:32:10.891,Angry, 97.2%,Fear, 1.0%,Happy, 0.8%
2025-05-05 09:32:10.992,Sad, 92.9%,Angry, 2.2%,Surprise, 1.8%
2025-05-05 09:32:11.090,Sad, 75.7%,Neutral, 10.8%,Happy, 8.5%
2025-05-05 09:32:11.425,Sad, 76.0%,Happy, 8.7%,Neutral, 8.1%
2025-05-05 09:32:11.522,Angry, 97.7%,Surprise, 0.9%,Sad, 0.6%
2025-05-05 09:32:11.530,Sad, 90.8%,Happy, 4.9%,Neutral, 1.5%
2025-05-05 09:32:11.622,Angry, 96.9%,Surprise, 1.4%,Sad, 1.2%
2025-05-05 09:32:11.724,Happy, 57.2%,Sad, 41.3%,Surprise, 1.0%
2025-05-05 09:32:12.291,Angry, 97.8%,Surprise, 1.0%,Sad, 0.7%
2025-05-05 09:32:13.258,Angry, 97.2%,Surprise, 1.7%,Happy, 0.4%
2025-05-05 09:32:14.355,Surprise, 87.5%,Fear, 11.8%,Sad, 0.7%
2025-05-05 09:32:14.755,Sad, 40.8%,Happy, 35.5%,Neutral, 22.2%
2025-05-05 09:32:14.921,Sad, 73.9%,Happy, 25.6%,Neutral, 0.3%
2025-05-05 09:32:15.022,Sad, 74.5%,Happy, 23.7%,Neutral, 1.0%
2025-05-05 09:32:15.030,Angry, 63.2%,Fear, 33.2%,Happy, 1.5%
2025-05-05 09:32:15.187,Angry, 93.2%,Fear, 6.1%,Neutral, 0.4%
2025-05-05 09:32:15.289,Sad, 84.8%,Happy, 14.0%,Neutral, 0.7%
2025-05-05 09:32:15.356,Sad, 98.0%,Surprise, 1.3%,Happy, 0.4%
2025-05-05 09:32:15.453,Sad, 97.5%,Happy, 1.0%,Surprise, 0.9%
2025-05-05 09:32:15.620,Sad, 88.2%,Happy, 8.4%,Neutral, 2.9%
2025-05-05 09:32:15.722,Sad, 98.3%,Happy, 0.8%,Surprise, 0.5%
2025-05-05 09:32:15.822,Sad, 96.6%,Surprise, 2.2%,Happy, 0.5%
2025-05-05 09:32:15.830,Angry, 89.0%,Fear, 8.9%,Sad, 1.0%
2025-05-05 09:32:15.989,Sad, 84.9%,Surprise, 9.1%,Happy, 4.2%
2025-05-05 09:32:16.090,Sad, 88.1%,Surprise, 7.7%,Happy, 3.7%
2025-05-05 09:32:16.189,Sad, 90.1%,Surprise, 4.9%,Happy, 3.6%
2025-05-05 09:32:16.890,Sad, 78.9%,Surprise, 20.2%,Fear, 0.4%
2025-05-05 09:32:17.356,Surprise, 92.6%,Fear, 6.2%,Angry, 0.8%
2025-05-05 09:32:17.552,Happy, 69.3%,Sad, 30.4%,Neutral, 0.1%
2025-05-05 09:32:17.619,Happy, 62.6%,Sad, 34.7%,Fear, 0.8%
2025-05-05 09:32:17.753,Angry, 54.9%,Fear, 33.2%,Neutral, 7.9%
2025-05-05 09:32:18.222,Angry, 85.0%,Fear, 13.8%,Neutral, 0.6%
2025-05-05 09:32:18.288,Sad, 99.5%,Happy, 0.2%,Surprise, 0.2%
2025-05-05 09:32:18.355,Angry, 93.7%,Fear, 5.8%,Neutral, 0.3%
2025-05-05 09:32:18.420,Angry, 65.7%,Fear, 26.2%,Neutral, 5.3%
2025-05-05 09:32:18.623,Sad, 95.5%,Fear, 1.6%,Angry, 1.0%
2025-05-05 09:32:18.888,Angry, 77.5%,Fear, 17.2%,Neutral, 2.9%
2025-05-05 09:32:19.088,Angry, 72.4%,Fear, 21.4%,Neutral, 3.7%
2025-05-05 09:32:19.153,Sad, 93.3%,Happy, 3.6%,Fear, 1.4%
2025-05-05 09:32:19.287,Angry, 87.7%,Fear, 9.8%,Neutral, 1.2%
2025-05-05 09:32:19.354,Angry, 79.3%,Fear, 16.2%,Neutral, 2.4%
2025-05-05 09:32:19.424,Fear, 57.8%,Angry, 34.3%,Neutral, 3.9%
2025-05-05 09:32:19.787,Surprise, 98.1%,Angry, 1.5%,Fear, 0.3%
2025-05-05 09:32:19.852,Surprise, 87.4%,Sad, 4.7%,Angry, 4.5%
2025-05-05 09:32:19.919,Angry, 42.9%,Surprise, 38.0%,Fear, 15.6%
2025-05-05 09:32:19.987,Angry, 49.7%,Surprise, 40.2%,Fear, 8.2%
